[{"pk": 1, "model": "stoqs.campaign", "fields": {"startdate": null, "enddate": null, "name": "default", "description": null}}, {"pk": 1, "model": "stoqs.activitytype", "fields": {"name": "AUV Mission"}}, {"pk": 1, "model": "stoqs.platformtype", "fields": {"name": "auv"}}, {"pk": 1, "model": "stoqs.platform", "fields": {"name": "dorado", "platformtype": 1}}, {"pk": 3, "model": "stoqs.activity", "fields": {"comment": "498 MeasuredParameters loaded: sea_water_sigma_t mass_concentration_of_chlorophyll_in_sea_water bbp420 temperature oxygen salinity fl700_uncorr nitrate biolume bbp700. Loaded on 2012-02-25 05:37:06.668626Z", "startdate": "2010-10-28 10:51:55", "mindepth": -0.98988532229869497, "enddate": "2010-10-29 04:51:57", "name": "Dorado389_2010_300_00_300_00_decim.nc", "campaign": 1, "activitytype": 1, "loaded_date": "2012-02-25 19:37:06", "maptrack": "LINESTRING (-121.9010332164173178 36.8715857317041156, -121.9007776841559831 36.9341965158768915, -121.9265213949736193 36.9304714568906221, -121.9226731742071337 36.8933844501589263, -121.9231955272203862 36.8727821112297747, -121.9345214859750399 36.8680135972655521, -121.9519100623544716 36.8657082298784715, -121.9539616132498452 36.8688680653187504, -121.9548665681687822 36.8819479250313478, -121.9555577974561089 36.9306476685078380, -121.9648806855096410 36.9337372514763373, -121.9816552606456241 36.9303736927277768, -121.9783593080003783 36.9018630654041999, -121.9778504067669189 36.8773123667338254, -121.9808667665386821 36.8690687084715591, -122.0086718919535542 36.8649084841382972, -122.0111153381557045 36.9037502576329288, -122.0110234655163879 36.9284845574464953, -122.0175040149972574 36.9336764190645184, -122.0340972300354423 36.9307831514729727, -122.0359035782328903 36.9201545604911416, -122.0320095441281296 36.8938762345385527, -122.0321363896153315 36.8662906745471446, -122.0308017350677403 36.8676549947420327, -121.9838993592654646 36.8584402989893292, -121.9346335648316995 36.8566091842856665)", "platform": 1, "maxdepth": 47.025451609765902, "num_measuredparameters": 498}}, {"pk": 101, "model": "stoqs.instantpoint", "fields": {"timevalue": "2010-10-28 10:51:55", "activity": 3}}, {"pk": 102, "model": "stoqs.instantpoint", "fields": {"timevalue": "2010-10-28 11:13:26", "activity": 3}}, {"pk": 103, "model": "stoqs.instantpoint", "fields": {"timevalue": "2010-10-28 11:34:53", "activity": 3}}, {"pk": 104, "model": "stoqs.instantpoint", "fields": {"timevalue": "2010-10-28 11:56:19", "activity": 3}}, {"pk": 105, "model": "stoqs.instantpoint", "fields": {"timevalue": "2010-10-28 12:17:46", "activity": 3}}, {"pk": 106, "model": "stoqs.instantpoint", "fields": {"timevalue": "2010-10-28 12:39:13", "activity": 3}}, {"pk": 107, "model": "stoqs.instantpoint", "fields": {"timevalue": "2010-10-28 13:00:40", "activity": 3}}, {"pk": 108, "model": "stoqs.instantpoint", "fields": {"timevalue": "2010-10-28 13:22:06", "activity": 3}}, {"pk": 109, "model": "stoqs.instantpoint", "fields": {"timevalue": "2010-10-28 13:43:33", "activity": 3}}, {"pk": 110, "model": "stoqs.instantpoint", "fields": {"timevalue": "2010-10-28 14:04:59", "activity": 3}}, {"pk": 111, "model": "stoqs.instantpoint", "fields": {"timevalue": "2010-10-28 14:26:26", "activity": 3}}, {"pk": 112, "model": "stoqs.instantpoint", "fields": {"timevalue": "2010-10-28 14:47:53", "activity": 3}}, {"pk": 113, "model": "stoqs.instantpoint", "fields": {"timevalue": "2010-10-28 15:09:19", "activity": 3}}, {"pk": 114, "model": "stoqs.instantpoint", "fields": {"timevalue": "2010-10-28 15:30:46", "activity": 3}}, {"pk": 115, "model": "stoqs.instantpoint", "fields": {"timevalue": "2010-10-28 15:52:12", "activity": 3}}, {"pk": 116, "model": "stoqs.instantpoint", "fields": {"timevalue": "2010-10-28 16:13:38", "activity": 3}}, {"pk": 117, "model": "stoqs.instantpoint", "fields": {"timevalue": "2010-10-28 16:35:06", "activity": 3}}, {"pk": 118, "model": "stoqs.instantpoint", "fields": {"timevalue": "2010-10-28 16:56:33", "activity": 3}}, {"pk": 119, "model": "stoqs.instantpoint", "fields": {"timevalue": "2010-10-28 17:17:58", "activity": 3}}, {"pk": 120, "model": "stoqs.instantpoint", "fields": {"timevalue": "2010-10-28 17:39:24", "activity": 3}}, {"pk": 121, "model": "stoqs.instantpoint", "fields": {"timevalue": "2010-10-28 18:00:50", "activity": 3}}, {"pk": 122, "model": "stoqs.instantpoint", "fields": {"timevalue": "2010-10-28 18:22:17", "activity": 3}}, {"pk": 123, "model": "stoqs.instantpoint", "fields": {"timevalue": "2010-10-28 18:43:43", "activity": 3}}, {"pk": 124, "model": "stoqs.instantpoint", "fields": {"timevalue": "2010-10-28 19:05:09", "activity": 3}}, {"pk": 125, "model": "stoqs.instantpoint", "fields": {"timevalue": "2010-10-28 19:26:35", "activity": 3}}, {"pk": 126, "model": "stoqs.instantpoint", "fields": {"timevalue": "2010-10-28 19:48:00", "activity": 3}}, {"pk": 127, "model": "stoqs.instantpoint", "fields": {"timevalue": "2010-10-28 20:09:26", "activity": 3}}, {"pk": 128, "model": "stoqs.instantpoint", "fields": {"timevalue": "2010-10-28 20:30:52", "activity": 3}}, {"pk": 129, "model": "stoqs.instantpoint", "fields": {"timevalue": "2010-10-28 20:52:19", "activity": 3}}, {"pk": 130, "model": "stoqs.instantpoint", "fields": {"timevalue": "2010-10-28 21:13:45", "activity": 3}}, {"pk": 131, "model": "stoqs.instantpoint", "fields": {"timevalue": "2010-10-28 21:35:12", "activity": 3}}, {"pk": 132, "model": "stoqs.instantpoint", "fields": {"timevalue": "2010-10-28 21:56:38", "activity": 3}}, {"pk": 133, "model": "stoqs.instantpoint", "fields": {"timevalue": "2010-10-28 22:18:05", "activity": 3}}, {"pk": 134, "model": "stoqs.instantpoint", "fields": {"timevalue": "2010-10-28 22:39:31", "activity": 3}}, {"pk": 135, "model": "stoqs.instantpoint", "fields": {"timevalue": "2010-10-28 23:00:59", "activity": 3}}, {"pk": 136, "model": "stoqs.instantpoint", "fields": {"timevalue": "2010-10-28 23:22:26", "activity": 3}}, {"pk": 137, "model": "stoqs.instantpoint", "fields": {"timevalue": "2010-10-28 23:43:53", "activity": 3}}, {"pk": 138, "model": "stoqs.instantpoint", "fields": {"timevalue": "2010-10-29 00:05:21", "activity": 3}}, {"pk": 139, "model": "stoqs.instantpoint", "fields": {"timevalue": "2010-10-29 00:26:49", "activity": 3}}, {"pk": 140, "model": "stoqs.instantpoint", "fields": {"timevalue": "2010-10-29 00:48:16", "activity": 3}}, {"pk": 141, "model": "stoqs.instantpoint", "fields": {"timevalue": "2010-10-29 01:09:43", "activity": 3}}, {"pk": 142, "model": "stoqs.instantpoint", "fields": {"timevalue": "2010-10-29 01:31:11", "activity": 3}}, {"pk": 143, "model": "stoqs.instantpoint", "fields": {"timevalue": "2010-10-29 01:52:38", "activity": 3}}, {"pk": 144, "model": "stoqs.instantpoint", "fields": {"timevalue": "2010-10-29 02:14:06", "activity": 3}}, {"pk": 145, "model": "stoqs.instantpoint", "fields": {"timevalue": "2010-10-29 02:35:32", "activity": 3}}, {"pk": 146, "model": "stoqs.instantpoint", "fields": {"timevalue": "2010-10-29 02:56:59", "activity": 3}}, {"pk": 147, "model": "stoqs.instantpoint", "fields": {"timevalue": "2010-10-29 03:18:29", "activity": 3}}, {"pk": 148, "model": "stoqs.instantpoint", "fields": {"timevalue": "2010-10-29 03:39:57", "activity": 3}}, {"pk": 149, "model": "stoqs.instantpoint", "fields": {"timevalue": "2010-10-29 04:01:25", "activity": 3}}, {"pk": 150, "model": "stoqs.instantpoint", "fields": {"timevalue": "2010-10-29 04:22:52", "activity": 3}}, {"pk": 6, "model": "stoqs.parameter", "fields": {"origin": "Dorado389_2010_300_00_300_00_decim.nc", "name": "bbp420", "long_name": "Optical backscatter coefficient at 420nm", "standard_name": null, "units": "m-1", "type": null, "description": null}}, {"pk": 3, "model": "stoqs.parameter", "fields": {"origin": "Dorado389_2010_300_00_300_00_decim.nc", "name": "temperature", "long_name": "temperature", "standard_name": "sea_water_temperature", "units": "Celsius", "type": null, "description": null}}, {"pk": 4, "model": "stoqs.parameter", "fields": {"origin": "Dorado389_2010_300_00_300_00_decim.nc", "name": "oxygen", "long_name": "oxygen", "standard_name": null, "units": "ml/l", "type": null, "description": null}}, {"pk": 9, "model": "stoqs.parameter", "fields": {"origin": "Dorado389_2010_300_00_300_00_decim.nc", "name": "salinity", "long_name": "salinity", "standard_name": "sea_water_salinity", "units": "", "type": null, "description": null}}, {"pk": 8, "model": "stoqs.parameter", "fields": {"origin": "Dorado389_2010_300_00_300_00_decim.nc", "name": "fl700_uncorr", "long_name": "Fluorescence at 700nm (raw)", "standard_name": null, "units": "", "type": null, "description": null}}, {"pk": 5, "model": "stoqs.parameter", "fields": {"origin": "Dorado389_2010_300_00_300_00_decim.nc", "name": "nitrate", "long_name": "nitrate", "standard_name": null, "units": "micromole/kg", "type": null, "description": null}}, {"pk": 1, "model": "stoqs.parameter", "fields": {"origin": "Dorado389_2010_300_00_300_00_decim.nc", "name": "sea_water_sigma_t", "long_name": "Sigma-T", "standard_name": "sea_water_sigma_t", "units": "kg m-3", "type": null, "description": null}}, {"pk": 10, "model": "stoqs.parameter", "fields": {"origin": "Dorado389_2010_300_00_300_00_decim.nc", "name": "biolume", "long_name": null, "standard_name": null, "units": null, "type": null, "description": null}}, {"pk": 7, "model": "stoqs.parameter", "fields": {"origin": "Dorado389_2010_300_00_300_00_decim.nc", "name": "bbp700", "long_name": "Optical backscatter coefficient at 700nm", "standard_name": null, "units": "m-1", "type": null, "description": null}}, {"pk": 2, "model": "stoqs.parameter", "fields": {"origin": "Dorado389_2010_300_00_300_00_decim.nc", "name": "mass_concentration_of_chlorophyll_in_sea_water", "long_name": "Chlorophyll", "standard_name": "mass_concentration_of_chlorophyll_in_sea_water", "units": "ug/l", "type": null, "description": null}}, {"pk": 101, "model": "stoqs.measurement", "fields": {"depth": "0.494759611304423200000000000000", "instantpoint": 101, "geom": "POINT (-121.9010332164173178 36.8715857317041156)"}}, {"pk": 102, "model": "stoqs.measurement", "fields": {"depth": "21.817429936923052000000000000000", "instantpoint": 102, "geom": "POINT (-121.9003898223888172 36.8797550119317137)"}}, {"pk": 103, "model": "stoqs.measurement", "fields": {"depth": "-0.850708076308610010000000000000", "instantpoint": 103, "geom": "POINT (-121.9004214797457308 36.8936691591696615)"}}, {"pk": 104, "model": "stoqs.measurement", "fields": {"depth": "2.889780473591930100000000000000", "instantpoint": 104, "geom": "POINT (-121.9004942008906767 36.9075712105034341)"}}, {"pk": 105, "model": "stoqs.measurement", "fields": {"depth": "8.121258329901346300000000000000", "instantpoint": 105, "geom": "POINT (-121.9007230819622833 36.9203322697613885)"}}, {"pk": 106, "model": "stoqs.measurement", "fields": {"depth": "4.131249623967755200000000000000", "instantpoint": 106, "geom": "POINT (-121.9007776841559831 36.9341965158768915)"}}, {"pk": 107, "model": "stoqs.measurement", "fields": {"depth": "5.941884357279428200000000000000", "instantpoint": 107, "geom": "POINT (-121.9092854767427809 36.9331555238979590)"}}, {"pk": 108, "model": "stoqs.measurement", "fields": {"depth": "9.133772291955475400000000000000", "instantpoint": 108, "geom": "POINT (-121.9265213949736193 36.9304714568906221)"}}, {"pk": 109, "model": "stoqs.measurement", "fields": {"depth": "9.404555970118483500000000000000", "instantpoint": 109, "geom": "POINT (-121.9255776841829118 36.9187742773004288)"}}, {"pk": 110, "model": "stoqs.measurement", "fields": {"depth": "11.152501589327093000000000000000", "instantpoint": 110, "geom": "POINT (-121.9240349299770401 36.9066461892271818)"}}, {"pk": 111, "model": "stoqs.measurement", "fields": {"depth": "19.289652902115481000000000000000", "instantpoint": 111, "geom": "POINT (-121.9226731742071337 36.8933844501589263)"}}, {"pk": 112, "model": "stoqs.measurement", "fields": {"depth": "4.186704097392047100000000000000", "instantpoint": 112, "geom": "POINT (-121.9225791961517018 36.8819335827901611)"}}, {"pk": 113, "model": "stoqs.measurement", "fields": {"depth": "18.769871649832783000000000000000", "instantpoint": 113, "geom": "POINT (-121.9231955272203862 36.8727821112297747)"}}, {"pk": 114, "model": "stoqs.measurement", "fields": {"depth": "29.840833942085279000000000000000", "instantpoint": 114, "geom": "POINT (-121.9345214859750399 36.8680135972655521)"}}, {"pk": 115, "model": "stoqs.measurement", "fields": {"depth": "25.883075311932053000000000000000", "instantpoint": 115, "geom": "POINT (-121.9519100623544716 36.8657082298784715)"}}, {"pk": 116, "model": "stoqs.measurement", "fields": {"depth": "24.794737303404148000000000000000", "instantpoint": 116, "geom": "POINT (-121.9539616132498452 36.8688680653187504)"}}, {"pk": 117, "model": "stoqs.measurement", "fields": {"depth": "9.183446442596780600000000000000", "instantpoint": 117, "geom": "POINT (-121.9548665681687822 36.8819479250313478)"}}, {"pk": 118, "model": "stoqs.measurement", "fields": {"depth": "18.904522581193394000000000000000", "instantpoint": 118, "geom": "POINT (-121.9549351262929235 36.8918341851839457)"}}, {"pk": 119, "model": "stoqs.measurement", "fields": {"depth": "6.924607625918318000000000000000", "instantpoint": 119, "geom": "POINT (-121.9552433919651122 36.9029540892000369)"}}, {"pk": 120, "model": "stoqs.measurement", "fields": {"depth": "21.836835701280847000000000000000", "instantpoint": 120, "geom": "POINT (-121.9557845631094750 36.9174542276201976)"}}, {"pk": 121, "model": "stoqs.measurement", "fields": {"depth": "2.951634059720472900000000000000", "instantpoint": 121, "geom": "POINT (-121.9555577974561089 36.9306476685078380)"}}, {"pk": 122, "model": "stoqs.measurement", "fields": {"depth": "17.136347667625959000000000000000", "instantpoint": 122, "geom": "POINT (-121.9648806855096410 36.9337372514763373)"}}, {"pk": 123, "model": "stoqs.measurement", "fields": {"depth": "16.392602031135638000000000000000", "instantpoint": 123, "geom": "POINT (-121.9816552606456241 36.9303736927277768)"}}, {"pk": 124, "model": "stoqs.measurement", "fields": {"depth": "9.488228014101823100000000000000", "instantpoint": 124, "geom": "POINT (-121.9802427743959043 36.9194229565646665)"}}, {"pk": 125, "model": "stoqs.measurement", "fields": {"depth": "10.970222365509331000000000000000", "instantpoint": 125, "geom": "POINT (-121.9787628911704047 36.9064433657843622)"}}, {"pk": 126, "model": "stoqs.measurement", "fields": {"depth": "19.477768086021271000000000000000", "instantpoint": 126, "geom": "POINT (-121.9783593080003783 36.9018630654041999)"}}, {"pk": 127, "model": "stoqs.measurement", "fields": {"depth": "22.162189362394415000000000000000", "instantpoint": 127, "geom": "POINT (-121.9782300886123920 36.8903582232524485)"}}, {"pk": 128, "model": "stoqs.measurement", "fields": {"depth": "20.721586441531109000000000000000", "instantpoint": 128, "geom": "POINT (-121.9778504067669189 36.8773123667338254)"}}, {"pk": 129, "model": "stoqs.measurement", "fields": {"depth": "-0.989885322298695410000000000000", "instantpoint": 129, "geom": "POINT (-121.9808667665386821 36.8690687084715591)"}}, {"pk": 130, "model": "stoqs.measurement", "fields": {"depth": "41.008401195111517000000000000000", "instantpoint": 130, "geom": "POINT (-121.9962398199767648 36.8671029267336010)"}}, {"pk": 131, "model": "stoqs.measurement", "fields": {"depth": "-0.893529074179115870000000000000", "instantpoint": 131, "geom": "POINT (-122.0086718919535542 36.8649084841382972)"}}, {"pk": 132, "model": "stoqs.measurement", "fields": {"depth": "35.670434444388214000000000000000", "instantpoint": 132, "geom": "POINT (-122.0097567355742711 36.8773916141845959)"}}, {"pk": 133, "model": "stoqs.measurement", "fields": {"depth": "33.683181290238871000000000000000", "instantpoint": 133, "geom": "POINT (-122.0103937576415944 36.8896936556643240)"}}, {"pk": 134, "model": "stoqs.measurement", "fields": {"depth": "20.833346074308732000000000000000", "instantpoint": 134, "geom": "POINT (-122.0111153381557045 36.9037502576329288)"}}, {"pk": 135, "model": "stoqs.measurement", "fields": {"depth": "7.313635376067007400000000000000", "instantpoint": 135, "geom": "POINT (-122.0110481495723604 36.9167704013306377)"}}, {"pk": 136, "model": "stoqs.measurement", "fields": {"depth": "21.930063000853224000000000000000", "instantpoint": 136, "geom": "POINT (-122.0110234655163879 36.9284845574464953)"}}, {"pk": 137, "model": "stoqs.measurement", "fields": {"depth": "6.046865796404493800000000000000", "instantpoint": 137, "geom": "POINT (-122.0175040149972574 36.9336764190645184)"}}, {"pk": 138, "model": "stoqs.measurement", "fields": {"depth": "18.095435379925497000000000000000", "instantpoint": 138, "geom": "POINT (-122.0340972300354423 36.9307831514729727)"}}, {"pk": 139, "model": "stoqs.measurement", "fields": {"depth": "15.121709491695119000000000000000", "instantpoint": 139, "geom": "POINT (-122.0359035782328903 36.9201545604911416)"}}, {"pk": 140, "model": "stoqs.measurement", "fields": {"depth": "28.366439476947811000000000000000", "instantpoint": 140, "geom": "POINT (-122.0339967592177004 36.9084593843028657)"}}, {"pk": 141, "model": "stoqs.measurement", "fields": {"depth": "28.725017506479535000000000000000", "instantpoint": 141, "geom": "POINT (-122.0320095441281296 36.8938762345385527)"}}, {"pk": 142, "model": "stoqs.measurement", "fields": {"depth": "24.100792776285378000000000000000", "instantpoint": 142, "geom": "POINT (-122.0315501268239444 36.8798856476000054)"}}, {"pk": 143, "model": "stoqs.measurement", "fields": {"depth": "11.438352296426819000000000000000", "instantpoint": 143, "geom": "POINT (-122.0321363896153315 36.8662906745471446)"}}, {"pk": 144, "model": "stoqs.measurement", "fields": {"depth": "16.552464127764605000000000000000", "instantpoint": 144, "geom": "POINT (-122.0308017350677403 36.8676549947420327)"}}, {"pk": 145, "model": "stoqs.measurement", "fields": {"depth": "16.453621887191460000000000000000", "instantpoint": 145, "geom": "POINT (-122.0123621605435744 36.8641815296020212)"}}, {"pk": 146, "model": "stoqs.measurement", "fields": {"depth": "27.959311312833854000000000000000", "instantpoint": 146, "geom": "POINT (-121.9958606927255289 36.8614662229841912)"}}, {"pk": 147, "model": "stoqs.measurement", "fields": {"depth": "3.026277121821410600000000000000", "instantpoint": 147, "geom": "POINT (-121.9838993592654646 36.8584402989893292)"}}, {"pk": 148, "model": "stoqs.measurement", "fields": {"depth": "33.003391967848259000000000000000", "instantpoint": 148, "geom": "POINT (-121.9656805055905977 36.8573112784605641)"}}, {"pk": 149, "model": "stoqs.measurement", "fields": {"depth": "47.025451609765938000000000000000", "instantpoint": 149, "geom": "POINT (-121.9500507501863638 36.8562545323659805)"}}, {"pk": 150, "model": "stoqs.measurement", "fields": {"depth": "22.976044953383052000000000000000", "instantpoint": 150, "geom": "POINT (-121.9346335648316995 36.8566091842856665)"}}, {"pk": 1, "model": "stoqs.activityparameter", "fields": {"parameter": 6, "number": 49, "activity": 3}}, {"pk": 2, "model": "stoqs.activityparameter", "fields": {"parameter": 3, "number": 50, "activity": 3}}, {"pk": 3, "model": "stoqs.activityparameter", "fields": {"parameter": 4, "number": 50, "activity": 3}}, {"pk": 4, "model": "stoqs.activityparameter", "fields": {"parameter": 9, "number": 50, "activity": 3}}, {"pk": 5, "model": "stoqs.activityparameter", "fields": {"parameter": 8, "number": 50, "activity": 3}}, {"pk": 6, "model": "stoqs.activityparameter", "fields": {"parameter": 5, "number": 50, "activity": 3}}, {"pk": 7, "model": "stoqs.activityparameter", "fields": {"parameter": 1, "number": 50, "activity": 3}}, {"pk": 8, "model": "stoqs.activityparameter", "fields": {"parameter": 10, "number": 50, "activity": 3}}, {"pk": 9, "model": "stoqs.activityparameter", "fields": {"parameter": 7, "number": 49, "activity": 3}}, {"pk": 10, "model": "stoqs.activityparameter", "fields": {"parameter": 2, "number": 50, "activity": 3}}, {"pk": 997, "model": "stoqs.measuredparameter", "fields": {"datavalue": "0.005010253639540000000000000000", "parameter": 6, "measurement": 101}}, {"pk": 998, "model": "stoqs.measuredparameter", "fields": {"datavalue": "14.054615222400000000000000000000", "parameter": 3, "measurement": 101}}, {"pk": 999, "model": "stoqs.measuredparameter", "fields": {"datavalue": "5.182283029880000000000000000000", "parameter": 4, "measurement": 101}}, {"pk": 1000, "model": "stoqs.measuredparameter", "fields": {"datavalue": "33.525753638300000000000000000000", "parameter": 9, "measurement": 101}}, {"pk": 1001, "model": "stoqs.measuredparameter", "fields": {"datavalue": "0E-30", "parameter": 5, "measurement": 101}}, {"pk": 1002, "model": "stoqs.measuredparameter", "fields": {"datavalue": "0.000359536159807000000000000000", "parameter": 8, "measurement": 101}}, {"pk": 1003, "model": "stoqs.measuredparameter", "fields": {"datavalue": "25.038805625200000000000000000000", "parameter": 1, "measurement": 101}}, {"pk": 1004, "model": "stoqs.measuredparameter", "fields": {"datavalue": "6161927216.740000000000000000000000000000", "parameter": 10, "measurement": 101}}, {"pk": 1005, "model": "stoqs.measuredparameter", "fields": {"datavalue": "0.004242886489990000000000000000", "parameter": 7, "measurement": 101}}, {"pk": 1006, "model": "stoqs.measuredparameter", "fields": {"datavalue": "1.237918951830000000000000000000", "parameter": 2, "measurement": 101}}, {"pk": 1007, "model": "stoqs.measuredparameter", "fields": {"datavalue": "0.007566206859280000000000000000", "parameter": 6, "measurement": 102}}, {"pk": 1008, "model": "stoqs.measuredparameter", "fields": {"datavalue": "13.504353265000000000000000000000", "parameter": 3, "measurement": 102}}, {"pk": 1009, "model": "stoqs.measuredparameter", "fields": {"datavalue": "5.692178333310000000000000000000", "parameter": 4, "measurement": 102}}, {"pk": 1010, "model": "stoqs.measuredparameter", "fields": {"datavalue": "33.521120639000000000000000000000", "parameter": 9, "measurement": 102}}, {"pk": 1011, "model": "stoqs.measuredparameter", "fields": {"datavalue": "6.310000000000000000000000000000", "parameter": 5, "measurement": 102}}, {"pk": 1012, "model": "stoqs.measuredparameter", "fields": {"datavalue": "0.000712994252997000000000000000", "parameter": 8, "measurement": 102}}, {"pk": 1013, "model": "stoqs.measuredparameter", "fields": {"datavalue": "25.244457743000000000000000000000", "parameter": 1, "measurement": 102}}, {"pk": 1014, "model": "stoqs.measuredparameter", "fields": {"datavalue": "261795608.468000000000000000000000000000", "parameter": 10, "measurement": 102}}, {"pk": 1015, "model": "stoqs.measuredparameter", "fields": {"datavalue": "0.005844854345770000000000000000", "parameter": 7, "measurement": 102}}, {"pk": 1016, "model": "stoqs.measuredparameter", "fields": {"datavalue": "2.454910512490000000000000000000", "parameter": 2, "measurement": 102}}, {"pk": 1017, "model": "stoqs.measuredparameter", "fields": {"datavalue": "0.015037313921000000000000000000", "parameter": 6, "measurement": 103}}, {"pk": 1018, "model": "stoqs.measuredparameter", "fields": {"datavalue": "14.409001564900000000000000000000", "parameter": 3, "measurement": 103}}, {"pk": 1019, "model": "stoqs.measuredparameter", "fields": {"datavalue": "6.376481007630000000000000000000", "parameter": 4, "measurement": 103}}, {"pk": 1020, "model": "stoqs.measuredparameter", "fields": {"datavalue": "33.522447794500000000000000000000", "parameter": 9, "measurement": 103}}, {"pk": 1021, "model": "stoqs.measuredparameter", "fields": {"datavalue": "4.870000000000000000000000000000", "parameter": 5, "measurement": 103}}, {"pk": 1022, "model": "stoqs.measuredparameter", "fields": {"datavalue": "0.000853291921997000000000000000", "parameter": 8, "measurement": 103}}, {"pk": 1023, "model": "stoqs.measuredparameter", "fields": {"datavalue": "24.955816456400000000000000000000", "parameter": 1, "measurement": 103}}, {"pk": 1024, "model": "stoqs.measuredparameter", "fields": {"datavalue": "1893520196.030000000000000000000000000000", "parameter": 10, "measurement": 103}}, {"pk": 1025, "model": "stoqs.measuredparameter", "fields": {"datavalue": "0.011585096329700000000000000000", "parameter": 7, "measurement": 103}}, {"pk": 1026, "model": "stoqs.measuredparameter", "fields": {"datavalue": "2.937969416630000000000000000000", "parameter": 2, "measurement": 103}}, {"pk": 1027, "model": "stoqs.measuredparameter", "fields": {"datavalue": "0.018441864311900000000000000000", "parameter": 6, "measurement": 104}}, {"pk": 1028, "model": "stoqs.measuredparameter", "fields": {"datavalue": "14.061399152000000000000000000000", "parameter": 3, "measurement": 104}}, {"pk": 1029, "model": "stoqs.measuredparameter", "fields": {"datavalue": "6.536669649150000000000000000000", "parameter": 4, "measurement": 104}}, {"pk": 1030, "model": "stoqs.measuredparameter", "fields": {"datavalue": "33.528896324600000000000000000000", "parameter": 9, "measurement": 104}}, {"pk": 1031, "model": "stoqs.measuredparameter", "fields": {"datavalue": "3.140000000000000000000000000000", "parameter": 5, "measurement": 104}}, {"pk": 1032, "model": "stoqs.measuredparameter", "fields": {"datavalue": "0.001788781671960000000000000000", "parameter": 8, "measurement": 104}}, {"pk": 1033, "model": "stoqs.measuredparameter", "fields": {"datavalue": "25.050590986400000000000000000000", "parameter": 1, "measurement": 104}}, {"pk": 1034, "model": "stoqs.measuredparameter", "fields": {"datavalue": "2812770641.220000000000000000000000000000", "parameter": 10, "measurement": 104}}, {"pk": 1035, "model": "stoqs.measuredparameter", "fields": {"datavalue": "0.014723128009400000000000000000", "parameter": 7, "measurement": 104}}, {"pk": 1036, "model": "stoqs.measuredparameter", "fields": {"datavalue": "6.158954174740000000000000000000", "parameter": 2, "measurement": 104}}, {"pk": 1037, "model": "stoqs.measuredparameter", "fields": {"datavalue": "0.010491582221200000000000000000", "parameter": 6, "measurement": 105}}, {"pk": 1038, "model": "stoqs.measuredparameter", "fields": {"datavalue": "13.745958462100000000000000000000", "parameter": 3, "measurement": 105}}, {"pk": 1039, "model": "stoqs.measuredparameter", "fields": {"datavalue": "6.314739573680000000000000000000", "parameter": 4, "measurement": 105}}, {"pk": 1040, "model": "stoqs.measuredparameter", "fields": {"datavalue": "33.525154576500000000000000000000", "parameter": 9, "measurement": 105}}, {"pk": 1041, "model": "stoqs.measuredparameter", "fields": {"datavalue": "3.730000000000000000000000000000", "parameter": 5, "measurement": 105}}, {"pk": 1042, "model": "stoqs.measuredparameter", "fields": {"datavalue": "0.001452928377730000000000000000", "parameter": 8, "measurement": 105}}, {"pk": 1043, "model": "stoqs.measuredparameter", "fields": {"datavalue": "25.136507215900000000000000000000", "parameter": 1, "measurement": 105}}, {"pk": 1044, "model": "stoqs.measuredparameter", "fields": {"datavalue": "3465171049.730000000000000000000000000000", "parameter": 10, "measurement": 105}}, {"pk": 1045, "model": "stoqs.measuredparameter", "fields": {"datavalue": "0.008407677407590000000000000000", "parameter": 7, "measurement": 105}}, {"pk": 1046, "model": "stoqs.measuredparameter", "fields": {"datavalue": "5.002577697360000000000000000000", "parameter": 2, "measurement": 105}}, {"pk": 1047, "model": "stoqs.measuredparameter", "fields": {"datavalue": "0.007306762102870000000000000000", "parameter": 6, "measurement": 106}}, {"pk": 1048, "model": "stoqs.measuredparameter", "fields": {"datavalue": "13.738186162900000000000000000000", "parameter": 3, "measurement": 106}}, {"pk": 1049, "model": "stoqs.measuredparameter", "fields": {"datavalue": "6.603795218660000000000000000000", "parameter": 4, "measurement": 106}}, {"pk": 1050, "model": "stoqs.measuredparameter", "fields": {"datavalue": "33.527325508800000000000000000000", "parameter": 9, "measurement": 106}}, {"pk": 1051, "model": "stoqs.measuredparameter", "fields": {"datavalue": "3.800000000000000000000000000000", "parameter": 5, "measurement": 106}}, {"pk": 1052, "model": "stoqs.measuredparameter", "fields": {"datavalue": "0.001347109231600000000000000000", "parameter": 8, "measurement": 106}}, {"pk": 1053, "model": "stoqs.measuredparameter", "fields": {"datavalue": "25.121817154000000000000000000000", "parameter": 1, "measurement": 106}}, {"pk": 1054, "model": "stoqs.measuredparameter", "fields": {"datavalue": "2344323274.280000000000000000000000000000", "parameter": 10, "measurement": 106}}, {"pk": 1055, "model": "stoqs.measuredparameter", "fields": {"datavalue": "0.006287685007730000000000000000", "parameter": 7, "measurement": 106}}, {"pk": 1056, "model": "stoqs.measuredparameter", "fields": {"datavalue": "4.638231795310000000000000000000", "parameter": 2, "measurement": 106}}, {"pk": 1057, "model": "stoqs.measuredparameter", "fields": {"datavalue": "0.007962952239720000000000000000", "parameter": 6, "measurement": 107}}, {"pk": 1058, "model": "stoqs.measuredparameter", "fields": {"datavalue": "13.703334996400000000000000000000", "parameter": 3, "measurement": 107}}, {"pk": 1059, "model": "stoqs.measuredparameter", "fields": {"datavalue": "6.253373439790000000000000000000", "parameter": 4, "measurement": 107}}, {"pk": 1060, "model": "stoqs.measuredparameter", "fields": {"datavalue": "33.520361585300000000000000000000", "parameter": 9, "measurement": 107}}, {"pk": 1061, "model": "stoqs.measuredparameter", "fields": {"datavalue": "4.870000000000000000000000000000", "parameter": 5, "measurement": 107}}, {"pk": 1062, "model": "stoqs.measuredparameter", "fields": {"datavalue": "0.001302402242030000000000000000", "parameter": 8, "measurement": 107}}, {"pk": 1063, "model": "stoqs.measuredparameter", "fields": {"datavalue": "25.131737238600000000000000000000", "parameter": 1, "measurement": 107}}, {"pk": 1064, "model": "stoqs.measuredparameter", "fields": {"datavalue": "1287470342.090000000000000000000000000000", "parameter": 10, "measurement": 107}}, {"pk": 1065, "model": "stoqs.measuredparameter", "fields": {"datavalue": "0.006373226850830000000000000000", "parameter": 7, "measurement": 107}}, {"pk": 1066, "model": "stoqs.measuredparameter", "fields": {"datavalue": "4.484301159520000000000000000000", "parameter": 2, "measurement": 107}}, {"pk": 1067, "model": "stoqs.measuredparameter", "fields": {"datavalue": "0.007442344944330000000000000000", "parameter": 6, "measurement": 108}}, {"pk": 1068, "model": "stoqs.measuredparameter", "fields": {"datavalue": "13.567941484400000000000000000000", "parameter": 3, "measurement": 108}}, {"pk": 1069, "model": "stoqs.measuredparameter", "fields": {"datavalue": "5.988841131440000000000000000000", "parameter": 4, "measurement": 108}}, {"pk": 1070, "model": "stoqs.measuredparameter", "fields": {"datavalue": "33.521214313300000000000000000000", "parameter": 9, "measurement": 108}}, {"pk": 1071, "model": "stoqs.measuredparameter", "fields": {"datavalue": "5.360000000000000000000000000000", "parameter": 5, "measurement": 108}}, {"pk": 1072, "model": "stoqs.measuredparameter", "fields": {"datavalue": "0.000934323155354000000000000000", "parameter": 8, "measurement": 108}}, {"pk": 1073, "model": "stoqs.measuredparameter", "fields": {"datavalue": "25.174444731500000000000000000000", "parameter": 1, "measurement": 108}}, {"pk": 1074, "model": "stoqs.measuredparameter", "fields": {"datavalue": "1775768056.030000000000000000000000000000", "parameter": 10, "measurement": 108}}, {"pk": 1075, "model": "stoqs.measuredparameter", "fields": {"datavalue": "0.005975934664600000000000000000", "parameter": 7, "measurement": 108}}, {"pk": 1076, "model": "stoqs.measuredparameter", "fields": {"datavalue": "3.216968056200000000000000000000", "parameter": 2, "measurement": 108}}, {"pk": 1077, "model": "stoqs.measuredparameter", "fields": {"datavalue": "0.006677013417180000000000000000", "parameter": 6, "measurement": 109}}, {"pk": 1078, "model": "stoqs.measuredparameter", "fields": {"datavalue": "13.488788415100000000000000000000", "parameter": 3, "measurement": 109}}, {"pk": 1079, "model": "stoqs.measuredparameter", "fields": {"datavalue": "5.619046190380000000000000000000", "parameter": 4, "measurement": 109}}, {"pk": 1080, "model": "stoqs.measuredparameter", "fields": {"datavalue": "33.522832593300000000000000000000", "parameter": 9, "measurement": 109}}, {"pk": 1081, "model": "stoqs.measuredparameter", "fields": {"datavalue": "6.320000000000000000000000000000", "parameter": 5, "measurement": 109}}, {"pk": 1082, "model": "stoqs.measuredparameter", "fields": {"datavalue": "0.000662330206691000000000000000", "parameter": 8, "measurement": 109}}, {"pk": 1083, "model": "stoqs.measuredparameter", "fields": {"datavalue": "25.193014976300000000000000000000", "parameter": 1, "measurement": 109}}, {"pk": 1084, "model": "stoqs.measuredparameter", "fields": {"datavalue": "581083985.697000000000000000000000000000", "parameter": 10, "measurement": 109}}, {"pk": 1085, "model": "stoqs.measuredparameter", "fields": {"datavalue": "0.005097111584130000000000000000", "parameter": 7, "measurement": 109}}, {"pk": 1086, "model": "stoqs.measuredparameter", "fields": {"datavalue": "2.280469134660000000000000000000", "parameter": 2, "measurement": 109}}, {"pk": 1087, "model": "stoqs.measuredparameter", "fields": {"datavalue": "0.010763675342600000000000000000", "parameter": 6, "measurement": 110}}, {"pk": 1088, "model": "stoqs.measuredparameter", "fields": {"datavalue": "13.654389349400000000000000000000", "parameter": 3, "measurement": 110}}, {"pk": 1089, "model": "stoqs.measuredparameter", "fields": {"datavalue": "6.045993722500000000000000000000", "parameter": 4, "measurement": 110}}, {"pk": 1090, "model": "stoqs.measuredparameter", "fields": {"datavalue": "33.529919135800000000000000000000", "parameter": 9, "measurement": 110}}, {"pk": 1091, "model": "stoqs.measuredparameter", "fields": {"datavalue": "5.670000000000000000000000000000", "parameter": 5, "measurement": 110}}, {"pk": 1092, "model": "stoqs.measuredparameter", "fields": {"datavalue": "0.001058256481540000000000000000", "parameter": 8, "measurement": 110}}, {"pk": 1093, "model": "stoqs.measuredparameter", "fields": {"datavalue": "25.172614621300000000000000000000", "parameter": 1, "measurement": 110}}, {"pk": 1094, "model": "stoqs.measuredparameter", "fields": {"datavalue": "4548702626.840000000000000000000000000000", "parameter": 10, "measurement": 110}}, {"pk": 1095, "model": "stoqs.measuredparameter", "fields": {"datavalue": "0.008289601111220000000000000000", "parameter": 7, "measurement": 110}}, {"pk": 1096, "model": "stoqs.measuredparameter", "fields": {"datavalue": "3.643682891590000000000000000000", "parameter": 2, "measurement": 110}}, {"pk": 1097, "model": "stoqs.measuredparameter", "fields": {"datavalue": "0.009434141250360000000000000000", "parameter": 6, "measurement": 111}}, {"pk": 1098, "model": "stoqs.measuredparameter", "fields": {"datavalue": "13.512079561400000000000000000000", "parameter": 3, "measurement": 111}}, {"pk": 1099, "model": "stoqs.measuredparameter", "fields": {"datavalue": "5.707108069710000000000000000000", "parameter": 4, "measurement": 111}}, {"pk": 1100, "model": "stoqs.measuredparameter", "fields": {"datavalue": "33.527992156300000000000000000000", "parameter": 9, "measurement": 111}}, {"pk": 1101, "model": "stoqs.measuredparameter", "fields": {"datavalue": "6.520000000000000000000000000000", "parameter": 5, "measurement": 111}}, {"pk": 1102, "model": "stoqs.measuredparameter", "fields": {"datavalue": "0.000722053282550000000000000000", "parameter": 8, "measurement": 111}}, {"pk": 1103, "model": "stoqs.measuredparameter", "fields": {"datavalue": "25.236811710200000000000000000000", "parameter": 1, "measurement": 111}}, {"pk": 1104, "model": "stoqs.measuredparameter", "fields": {"datavalue": "12942700372.500000000000000000000000000000", "parameter": 10, "measurement": 111}}, {"pk": 1105, "model": "stoqs.measuredparameter", "fields": {"datavalue": "0.006783185265170000000000000000", "parameter": 7, "measurement": 111}}, {"pk": 1106, "model": "stoqs.measuredparameter", "fields": {"datavalue": "2.486101657150000000000000000000", "parameter": 2, "measurement": 111}}, {"pk": 1107, "model": "stoqs.measuredparameter", "fields": {"datavalue": "0.004510926168240000000000000000", "parameter": 6, "measurement": 112}}, {"pk": 1108, "model": "stoqs.measuredparameter", "fields": {"datavalue": "13.610591338800000000000000000000", "parameter": 3, "measurement": 112}}, {"pk": 1109, "model": "stoqs.measuredparameter", "fields": {"datavalue": "5.900537955190000000000000000000", "parameter": 4, "measurement": 112}}, {"pk": 1110, "model": "stoqs.measuredparameter", "fields": {"datavalue": "33.533006199000000000000000000000", "parameter": 9, "measurement": 112}}, {"pk": 1111, "model": "stoqs.measuredparameter", "fields": {"datavalue": "6.130000000000000000000000000000", "parameter": 5, "measurement": 112}}, {"pk": 1112, "model": "stoqs.measuredparameter", "fields": {"datavalue": "0.000928333031590000000000000000", "parameter": 8, "measurement": 112}}, {"pk": 1113, "model": "stoqs.measuredparameter", "fields": {"datavalue": "25.152578378600000000000000000000", "parameter": 1, "measurement": 112}}, {"pk": 1114, "model": "stoqs.measuredparameter", "fields": {"datavalue": "25180014848.800000000000000000000000000000", "parameter": 10, "measurement": 112}}, {"pk": 1115, "model": "stoqs.measuredparameter", "fields": {"datavalue": "0.004406263889150000000000000000", "parameter": 7, "measurement": 112}}, {"pk": 1116, "model": "stoqs.measuredparameter", "fields": {"datavalue": "3.196343461070000000000000000000", "parameter": 2, "measurement": 112}}, {"pk": 1117, "model": "stoqs.measuredparameter", "fields": {"datavalue": "0.002490230905780000000000000000", "parameter": 6, "measurement": 113}}, {"pk": 1118, "model": "stoqs.measuredparameter", "fields": {"datavalue": "13.029122726000000000000000000000", "parameter": 3, "measurement": 113}}, {"pk": 1119, "model": "stoqs.measuredparameter", "fields": {"datavalue": "5.383417163640000000000000000000", "parameter": 4, "measurement": 113}}, {"pk": 1120, "model": "stoqs.measuredparameter", "fields": {"datavalue": "33.568904575000000000000000000000", "parameter": 9, "measurement": 113}}, {"pk": 1121, "model": "stoqs.measuredparameter", "fields": {"datavalue": "8.310000000000000000000000000000", "parameter": 5, "measurement": 113}}, {"pk": 1122, "model": "stoqs.measuredparameter", "fields": {"datavalue": "0.000351827439876000000000000000", "parameter": 8, "measurement": 113}}, {"pk": 1123, "model": "stoqs.measuredparameter", "fields": {"datavalue": "25.363262021900000000000000000000", "parameter": 1, "measurement": 113}}, {"pk": 1124, "model": "stoqs.measuredparameter", "fields": {"datavalue": "18419382679.900000000000000000000000000000", "parameter": 10, "measurement": 113}}, {"pk": 1125, "model": "stoqs.measuredparameter", "fields": {"datavalue": "0.002153473773420000000000000000", "parameter": 7, "measurement": 113}}, {"pk": 1126, "model": "stoqs.measuredparameter", "fields": {"datavalue": "1.211377058240000000000000000000", "parameter": 2, "measurement": 113}}, {"pk": 1127, "model": "stoqs.measuredparameter", "fields": {"datavalue": "0.001991953775100000000000000000", "parameter": 6, "measurement": 114}}, {"pk": 1128, "model": "stoqs.measuredparameter", "fields": {"datavalue": "12.406850933300000000000000000000", "parameter": 3, "measurement": 114}}, {"pk": 1129, "model": "stoqs.measuredparameter", "fields": {"datavalue": "4.699345160170000000000000000000", "parameter": 4, "measurement": 114}}, {"pk": 1130, "model": "stoqs.measuredparameter", "fields": {"datavalue": "33.596242101300000000000000000000", "parameter": 9, "measurement": 114}}, {"pk": 1131, "model": "stoqs.measuredparameter", "fields": {"datavalue": "11.950000000000000000000000000000", "parameter": 5, "measurement": 114}}, {"pk": 1132, "model": "stoqs.measuredparameter", "fields": {"datavalue": "0.000244959175983000000000000000", "parameter": 8, "measurement": 114}}, {"pk": 1133, "model": "stoqs.measuredparameter", "fields": {"datavalue": "25.556400128400000000000000000000", "parameter": 1, "measurement": 114}}, {"pk": 1134, "model": "stoqs.measuredparameter", "fields": {"datavalue": "15065351384.300000000000000000000000000000", "parameter": 10, "measurement": 114}}, {"pk": 1135, "model": "stoqs.measuredparameter", "fields": {"datavalue": "0.001706530940330000000000000000", "parameter": 7, "measurement": 114}}, {"pk": 1136, "model": "stoqs.measuredparameter", "fields": {"datavalue": "0.843418938828000000000000000000", "parameter": 2, "measurement": 114}}, {"pk": 1137, "model": "stoqs.measuredparameter", "fields": {"datavalue": "0.004971865341410000000000000000", "parameter": 6, "measurement": 115}}, {"pk": 1138, "model": "stoqs.measuredparameter", "fields": {"datavalue": "12.223265977000000000000000000000", "parameter": 3, "measurement": 115}}, {"pk": 1139, "model": "stoqs.measuredparameter", "fields": {"datavalue": "4.531806473950000000000000000000", "parameter": 4, "measurement": 115}}, {"pk": 1140, "model": "stoqs.measuredparameter", "fields": {"datavalue": "33.619124930600000000000000000000", "parameter": 9, "measurement": 115}}, {"pk": 1141, "model": "stoqs.measuredparameter", "fields": {"datavalue": "13.040000000000000000000000000000", "parameter": 5, "measurement": 115}}, {"pk": 1142, "model": "stoqs.measuredparameter", "fields": {"datavalue": "0.000231001200727000000000000000", "parameter": 8, "measurement": 115}}, {"pk": 1143, "model": "stoqs.measuredparameter", "fields": {"datavalue": "25.591513799400000000000000000000", "parameter": 1, "measurement": 115}}, {"pk": 1144, "model": "stoqs.measuredparameter", "fields": {"datavalue": "9325121832.150000000000000000000000000000", "parameter": 10, "measurement": 115}}, {"pk": 1145, "model": "stoqs.measuredparameter", "fields": {"datavalue": "0.003738532261390000000000000000", "parameter": 7, "measurement": 115}}, {"pk": 1146, "model": "stoqs.measuredparameter", "fields": {"datavalue": "0.795360234225000000000000000000", "parameter": 2, "measurement": 115}}, {"pk": 1147, "model": "stoqs.measuredparameter", "fields": {"datavalue": "0.004659752154620000000000000000", "parameter": 6, "measurement": 116}}, {"pk": 1148, "model": "stoqs.measuredparameter", "fields": {"datavalue": "12.455169853400000000000000000000", "parameter": 3, "measurement": 116}}, {"pk": 1149, "model": "stoqs.measuredparameter", "fields": {"datavalue": "4.760787183280000000000000000000", "parameter": 4, "measurement": 116}}, {"pk": 1150, "model": "stoqs.measuredparameter", "fields": {"datavalue": "34.123488709100000000000000000000", "parameter": 9, "measurement": 116}}, {"pk": 1151, "model": "stoqs.measuredparameter", "fields": {"datavalue": "4.000000000000000000000000000000", "parameter": 5, "measurement": 116}}, {"pk": 1152, "model": "stoqs.measuredparameter", "fields": {"datavalue": "0.000242439187464000000000000000", "parameter": 8, "measurement": 116}}, {"pk": 1153, "model": "stoqs.measuredparameter", "fields": {"datavalue": "25.933070713600000000000000000000", "parameter": 1, "measurement": 116}}, {"pk": 1154, "model": "stoqs.measuredparameter", "fields": {"datavalue": "9144190742.100000000000000000000000000000", "parameter": 10, "measurement": 116}}, {"pk": 1155, "model": "stoqs.measuredparameter", "fields": {"datavalue": "0.003551000284100000000000000000", "parameter": 7, "measurement": 116}}, {"pk": 1156, "model": "stoqs.measuredparameter", "fields": {"datavalue": "0.834742366358000000000000000000", "parameter": 2, "measurement": 116}}, {"pk": 1157, "model": "stoqs.measuredparameter", "fields": {"datavalue": "0.004786793399980000000000000000", "parameter": 6, "measurement": 117}}, {"pk": 1158, "model": "stoqs.measuredparameter", "fields": {"datavalue": "13.507283333100000000000000000000", "parameter": 3, "measurement": 117}}, {"pk": 1159, "model": "stoqs.measuredparameter", "fields": {"datavalue": "4.909138994720000000000000000000", "parameter": 4, "measurement": 117}}, {"pk": 1160, "model": "stoqs.measuredparameter", "fields": {"datavalue": "33.507199142500000000000000000000", "parameter": 9, "measurement": 117}}, {"pk": 1161, "model": "stoqs.measuredparameter", "fields": {"datavalue": "7.450000000000000000000000000000", "parameter": 5, "measurement": 117}}, {"pk": 1162, "model": "stoqs.measuredparameter", "fields": {"datavalue": "0.000845079474062000000000000000", "parameter": 8, "measurement": 117}}, {"pk": 1163, "model": "stoqs.measuredparameter", "fields": {"datavalue": "25.176172421800000000000000000000", "parameter": 1, "measurement": 117}}, {"pk": 1164, "model": "stoqs.measuredparameter", "fields": {"datavalue": "42841371443.800000000000000000000000000000", "parameter": 10, "measurement": 117}}, {"pk": 1165, "model": "stoqs.measuredparameter", "fields": {"datavalue": "0.004433031152920000000000000000", "parameter": 7, "measurement": 117}}, {"pk": 1166, "model": "stoqs.measuredparameter", "fields": {"datavalue": "2.909693137140000000000000000000", "parameter": 2, "measurement": 117}}, {"pk": 1167, "model": "stoqs.measuredparameter", "fields": {"datavalue": "0.006028058953970000000000000000", "parameter": 6, "measurement": 118}}, {"pk": 1168, "model": "stoqs.measuredparameter", "fields": {"datavalue": "13.479576251800000000000000000000", "parameter": 3, "measurement": 118}}, {"pk": 1169, "model": "stoqs.measuredparameter", "fields": {"datavalue": "3.660038750740000000000000000000", "parameter": 4, "measurement": 118}}, {"pk": 1170, "model": "stoqs.measuredparameter", "fields": {"datavalue": "33.534943398500000000000000000000", "parameter": 9, "measurement": 118}}, {"pk": 1171, "model": "stoqs.measuredparameter", "fields": {"datavalue": "5.540000000000000000000000000000", "parameter": 5, "measurement": 118}}, {"pk": 1172, "model": "stoqs.measuredparameter", "fields": {"datavalue": "0.000538460984760000000000000000", "parameter": 8, "measurement": 118}}, {"pk": 1173, "model": "stoqs.measuredparameter", "fields": {"datavalue": "25.247058506100000000000000000000", "parameter": 1, "measurement": 118}}, {"pk": 1174, "model": "stoqs.measuredparameter", "fields": {"datavalue": "19931260126.300000000000000000000000000000", "parameter": 10, "measurement": 118}}, {"pk": 1175, "model": "stoqs.measuredparameter", "fields": {"datavalue": "0.004536605460550000000000000000", "parameter": 7, "measurement": 118}}, {"pk": 1176, "model": "stoqs.measuredparameter", "fields": {"datavalue": "1.853975016630000000000000000000", "parameter": 2, "measurement": 118}}, {"pk": 1177, "model": "stoqs.measuredparameter", "fields": {"datavalue": "0.005645436885830000000000000000", "parameter": 6, "measurement": 119}}, {"pk": 1178, "model": "stoqs.measuredparameter", "fields": {"datavalue": "13.470419583300000000000000000000", "parameter": 3, "measurement": 119}}, {"pk": 1179, "model": "stoqs.measuredparameter", "fields": {"datavalue": "3.724934065910000000000000000000", "parameter": 4, "measurement": 119}}, {"pk": 1180, "model": "stoqs.measuredparameter", "fields": {"datavalue": "33.644939377000000000000000000000", "parameter": 9, "measurement": 119}}, {"pk": 1181, "model": "stoqs.measuredparameter", "fields": {"datavalue": "5.250000000000000000000000000000", "parameter": 5, "measurement": 119}}, {"pk": 1182, "model": "stoqs.measuredparameter", "fields": {"datavalue": "0.001052051329850000000000000000", "parameter": 8, "measurement": 119}}, {"pk": 1183, "model": "stoqs.measuredparameter", "fields": {"datavalue": "25.280007545000000000000000000000", "parameter": 1, "measurement": 119}}, {"pk": 1184, "model": "stoqs.measuredparameter", "fields": {"datavalue": "51792638847.300000000000000000000000000000", "parameter": 10, "measurement": 119}}, {"pk": 1185, "model": "stoqs.measuredparameter", "fields": {"datavalue": "0.005343893589030000000000000000", "parameter": 7, "measurement": 119}}, {"pk": 1186, "model": "stoqs.measuredparameter", "fields": {"datavalue": "3.622317933800000000000000000000", "parameter": 2, "measurement": 119}}, {"pk": 1187, "model": "stoqs.measuredparameter", "fields": {"datavalue": "0.006232165090580000000000000000", "parameter": 6, "measurement": 120}}, {"pk": 1188, "model": "stoqs.measuredparameter", "fields": {"datavalue": "13.524330546900000000000000000000", "parameter": 3, "measurement": 120}}, {"pk": 1189, "model": "stoqs.measuredparameter", "fields": {"datavalue": "3.528731712630000000000000000000", "parameter": 4, "measurement": 120}}, {"pk": 1190, "model": "stoqs.measuredparameter", "fields": {"datavalue": "33.526772564400000000000000000000", "parameter": 9, "measurement": 120}}, {"pk": 1191, "model": "stoqs.measuredparameter", "fields": {"datavalue": "5.440000000000000000000000000000", "parameter": 5, "measurement": 120}}, {"pk": 1192, "model": "stoqs.measuredparameter", "fields": {"datavalue": "0.000474433268885000000000000000", "parameter": 8, "measurement": 120}}, {"pk": 1193, "model": "stoqs.measuredparameter", "fields": {"datavalue": "25.244850958700000000000000000000", "parameter": 1, "measurement": 120}}, {"pk": 1194, "model": "stoqs.measuredparameter", "fields": {"datavalue": "14187353320.400000000000000000000000000000", "parameter": 10, "measurement": 120}}, {"pk": 1195, "model": "stoqs.measuredparameter", "fields": {"datavalue": "0.004829231082330000000000000000", "parameter": 7, "measurement": 120}}, {"pk": 1196, "model": "stoqs.measuredparameter", "fields": {"datavalue": "1.633521188100000000000000000000", "parameter": 2, "measurement": 120}}, {"pk": 1197, "model": "stoqs.measuredparameter", "fields": {"datavalue": "0.004802555393100000000000000000", "parameter": 6, "measurement": 121}}, {"pk": 1198, "model": "stoqs.measuredparameter", "fields": {"datavalue": "13.499029623800000000000000000000", "parameter": 3, "measurement": 121}}, {"pk": 1199, "model": "stoqs.measuredparameter", "fields": {"datavalue": "4.842020234540000000000000000000", "parameter": 4, "measurement": 121}}, {"pk": 1200, "model": "stoqs.measuredparameter", "fields": {"datavalue": "33.507517226100000000000000000000", "parameter": 9, "measurement": 121}}, {"pk": 1201, "model": "stoqs.measuredparameter", "fields": {"datavalue": "9.230000000000000000000000000000", "parameter": 5, "measurement": 121}}, {"pk": 1202, "model": "stoqs.measuredparameter", "fields": {"datavalue": "0.000711812578472000000000000000", "parameter": 8, "measurement": 121}}, {"pk": 1203, "model": "stoqs.measuredparameter", "fields": {"datavalue": "25.150011162300000000000000000000", "parameter": 1, "measurement": 121}}, {"pk": 1204, "model": "stoqs.measuredparameter", "fields": {"datavalue": "23129371713.900000000000000000000000000000", "parameter": 10, "measurement": 121}}, {"pk": 1205, "model": "stoqs.measuredparameter", "fields": {"datavalue": "0.003806687425490000000000000000", "parameter": 7, "measurement": 121}}, {"pk": 1206, "model": "stoqs.measuredparameter", "fields": {"datavalue": "2.450841888940000000000000000000", "parameter": 2, "measurement": 121}}, {"pk": 1207, "model": "stoqs.measuredparameter", "fields": {"datavalue": "0.030930781392400000000000000000", "parameter": 6, "measurement": 122}}, {"pk": 1208, "model": "stoqs.measuredparameter", "fields": {"datavalue": "13.364839228100000000000000000000", "parameter": 3, "measurement": 122}}, {"pk": 1209, "model": "stoqs.measuredparameter", "fields": {"datavalue": "3.611769649910000000000000000000", "parameter": 4, "measurement": 122}}, {"pk": 1210, "model": "stoqs.measuredparameter", "fields": {"datavalue": "33.491393609900000000000000000000", "parameter": 9, "measurement": 122}}, {"pk": 1211, "model": "stoqs.measuredparameter", "fields": {"datavalue": "7.080000000000000000000000000000", "parameter": 5, "measurement": 122}}, {"pk": 1212, "model": "stoqs.measuredparameter", "fields": {"datavalue": "0.000499672484130000000000000000", "parameter": 8, "measurement": 122}}, {"pk": 1213, "model": "stoqs.measuredparameter", "fields": {"datavalue": "25.228641788900000000000000000000", "parameter": 1, "measurement": 122}}, {"pk": 1214, "model": "stoqs.measuredparameter", "fields": {"datavalue": "2224705386.240000000000000000000000000000", "parameter": 10, "measurement": 122}}, {"pk": 1215, "model": "stoqs.measuredparameter", "fields": {"datavalue": "0.023301703476900000000000000000", "parameter": 7, "measurement": 122}}, {"pk": 1216, "model": "stoqs.measuredparameter", "fields": {"datavalue": "1.720422330110000000000000000000", "parameter": 2, "measurement": 122}}, {"pk": 1217, "model": "stoqs.measuredparameter", "fields": {"datavalue": "0.019971823644300000000000000000", "parameter": 6, "measurement": 123}}, {"pk": 1218, "model": "stoqs.measuredparameter", "fields": {"datavalue": "13.285068947700000000000000000000", "parameter": 3, "measurement": 123}}, {"pk": 1219, "model": "stoqs.measuredparameter", "fields": {"datavalue": "2.871067112790000000000000000000", "parameter": 4, "measurement": 123}}, {"pk": 1220, "model": "stoqs.measuredparameter", "fields": {"datavalue": "33.469797949100000000000000000000", "parameter": 9, "measurement": 123}}, {"pk": 1221, "model": "stoqs.measuredparameter", "fields": {"datavalue": "29.530000000000000000000000000000", "parameter": 5, "measurement": 123}}, {"pk": 1222, "model": "stoqs.measuredparameter", "fields": {"datavalue": "0.000355279417360000000000000000", "parameter": 8, "measurement": 123}}, {"pk": 1223, "model": "stoqs.measuredparameter", "fields": {"datavalue": "25.224654324500000000000000000000", "parameter": 1, "measurement": 123}}, {"pk": 1224, "model": "stoqs.measuredparameter", "fields": {"datavalue": "7455214172.950000000000000000000000000000", "parameter": 10, "measurement": 123}}, {"pk": 1225, "model": "stoqs.measuredparameter", "fields": {"datavalue": "0.013974503832200000000000000000", "parameter": 7, "measurement": 123}}, {"pk": 1226, "model": "stoqs.measuredparameter", "fields": {"datavalue": "1.223262561910000000000000000000", "parameter": 2, "measurement": 123}}, {"pk": 1227, "model": "stoqs.measuredparameter", "fields": {"datavalue": "0.004194274627730000000000000000", "parameter": 6, "measurement": 124}}, {"pk": 1228, "model": "stoqs.measuredparameter", "fields": {"datavalue": "13.477110578700000000000000000000", "parameter": 3, "measurement": 124}}, {"pk": 1229, "model": "stoqs.measuredparameter", "fields": {"datavalue": "3.494963071480000000000000000000", "parameter": 4, "measurement": 124}}, {"pk": 1230, "model": "stoqs.measuredparameter", "fields": {"datavalue": "33.473073400200000000000000000000", "parameter": 9, "measurement": 124}}, {"pk": 1231, "model": "stoqs.measuredparameter", "fields": {"datavalue": "25.350000000000000000000000000000", "parameter": 5, "measurement": 124}}, {"pk": 1232, "model": "stoqs.measuredparameter", "fields": {"datavalue": "0.000681173410828000000000000000", "parameter": 8, "measurement": 124}}, {"pk": 1233, "model": "stoqs.measuredparameter", "fields": {"datavalue": "25.157279695500000000000000000000", "parameter": 1, "measurement": 124}}, {"pk": 1234, "model": "stoqs.measuredparameter", "fields": {"datavalue": "21406578944.800000000000000000000000000000", "parameter": 10, "measurement": 124}}, {"pk": 1235, "model": "stoqs.measuredparameter", "fields": {"datavalue": "0.003451714846140000000000000000", "parameter": 7, "measurement": 124}}, {"pk": 1236, "model": "stoqs.measuredparameter", "fields": {"datavalue": "2.345348170820000000000000000000", "parameter": 2, "measurement": 124}}, {"pk": 1237, "model": "stoqs.measuredparameter", "fields": {"datavalue": "0.006237208462110000000000000000", "parameter": 6, "measurement": 125}}, {"pk": 1238, "model": "stoqs.measuredparameter", "fields": {"datavalue": "13.384196914400000000000000000000", "parameter": 3, "measurement": 125}}, {"pk": 1239, "model": "stoqs.measuredparameter", "fields": {"datavalue": "3.371248229670000000000000000000", "parameter": 4, "measurement": 125}}, {"pk": 1240, "model": "stoqs.measuredparameter", "fields": {"datavalue": "33.616839427100000000000000000000", "parameter": 9, "measurement": 125}}, {"pk": 1241, "model": "stoqs.measuredparameter", "fields": {"datavalue": "8.910000000000000000000000000000", "parameter": 5, "measurement": 125}}, {"pk": 1242, "model": "stoqs.measuredparameter", "fields": {"datavalue": "0.001305961466710000000000000000", "parameter": 8, "measurement": 125}}, {"pk": 1243, "model": "stoqs.measuredparameter", "fields": {"datavalue": "25.293975078900000000000000000000", "parameter": 1, "measurement": 125}}, {"pk": 1244, "model": "stoqs.measuredparameter", "fields": {"datavalue": "114089254680.000000000000000000000000000000", "parameter": 10, "measurement": 125}}, {"pk": 1245, "model": "stoqs.measuredparameter", "fields": {"datavalue": "0.006754479293540000000000000000", "parameter": 7, "measurement": 125}}, {"pk": 1246, "model": "stoqs.measuredparameter", "fields": {"datavalue": "4.496555926040000000000000000000", "parameter": 2, "measurement": 125}}, {"pk": 1247, "model": "stoqs.measuredparameter", "fields": {"datavalue": "0.006452915792670000000000000000", "parameter": 6, "measurement": 126}}, {"pk": 1248, "model": "stoqs.measuredparameter", "fields": {"datavalue": "13.346331681000000000000000000000", "parameter": 3, "measurement": 126}}, {"pk": 1249, "model": "stoqs.measuredparameter", "fields": {"datavalue": "3.569431504040000000000000000000", "parameter": 4, "measurement": 126}}, {"pk": 1250, "model": "stoqs.measuredparameter", "fields": {"datavalue": "33.495316115600000000000000000000", "parameter": 9, "measurement": 126}}, {"pk": 1251, "model": "stoqs.measuredparameter", "fields": {"datavalue": "9.040000000000000000000000000000", "parameter": 5, "measurement": 126}}, {"pk": 1252, "model": "stoqs.measuredparameter", "fields": {"datavalue": "0.000378615880920000000000000000", "parameter": 8, "measurement": 126}}, {"pk": 1253, "model": "stoqs.measuredparameter", "fields": {"datavalue": "25.245966714200000000000000000000", "parameter": 1, "measurement": 126}}, {"pk": 1254, "model": "stoqs.measuredparameter", "fields": {"datavalue": "14638739842.900000000000000000000000000000", "parameter": 10, "measurement": 126}}, {"pk": 1255, "model": "stoqs.measuredparameter", "fields": {"datavalue": "0.004681286488040000000000000000", "parameter": 7, "measurement": 126}}, {"pk": 1256, "model": "stoqs.measuredparameter", "fields": {"datavalue": "1.303612339600000000000000000000", "parameter": 2, "measurement": 126}}, {"pk": 1257, "model": "stoqs.measuredparameter", "fields": {"datavalue": "0.011413882931000000000000000000", "parameter": 6, "measurement": 127}}, {"pk": 1258, "model": "stoqs.measuredparameter", "fields": {"datavalue": "12.888438201000000000000000000000", "parameter": 3, "measurement": 127}}, {"pk": 1259, "model": "stoqs.measuredparameter", "fields": {"datavalue": "3.071495763420000000000000000000", "parameter": 4, "measurement": 127}}, {"pk": 1260, "model": "stoqs.measuredparameter", "fields": {"datavalue": "33.806221236400000000000000000000", "parameter": 9, "measurement": 127}}, {"pk": 1261, "model": "stoqs.measuredparameter", "fields": {"datavalue": "15.300000000000000000000000000000", "parameter": 5, "measurement": 127}}, {"pk": 1262, "model": "stoqs.measuredparameter", "fields": {"datavalue": "0.000189185192984000000000000000", "parameter": 8, "measurement": 127}}, {"pk": 1263, "model": "stoqs.measuredparameter", "fields": {"datavalue": "25.590262222500000000000000000000", "parameter": 1, "measurement": 127}}, {"pk": 1264, "model": "stoqs.measuredparameter", "fields": {"datavalue": "2484373396.550000000000000000000000000000", "parameter": 10, "measurement": 127}}, {"pk": 1265, "model": "stoqs.measuredparameter", "fields": {"datavalue": "0.008560032124200000000000000000", "parameter": 7, "measurement": 127}}, {"pk": 1266, "model": "stoqs.measuredparameter", "fields": {"datavalue": "0.651383537964000000000000000000", "parameter": 2, "measurement": 127}}, {"pk": 1267, "model": "stoqs.measuredparameter", "fields": {"datavalue": "0.002716235634180000000000000000", "parameter": 6, "measurement": 128}}, {"pk": 1268, "model": "stoqs.measuredparameter", "fields": {"datavalue": "12.822534440600000000000000000000", "parameter": 3, "measurement": 128}}, {"pk": 1269, "model": "stoqs.measuredparameter", "fields": {"datavalue": "5.050951852970000000000000000000", "parameter": 4, "measurement": 128}}, {"pk": 1270, "model": "stoqs.measuredparameter", "fields": {"datavalue": "33.579284966700000000000000000000", "parameter": 9, "measurement": 128}}, {"pk": 1271, "model": "stoqs.measuredparameter", "fields": {"datavalue": "10.790000000000000000000000000000", "parameter": 5, "measurement": 128}}, {"pk": 1272, "model": "stoqs.measuredparameter", "fields": {"datavalue": "0.000297159462673000000000000000", "parameter": 8, "measurement": 128}}, {"pk": 1273, "model": "stoqs.measuredparameter", "fields": {"datavalue": "25.420991284500000000000000000000", "parameter": 1, "measurement": 128}}, {"pk": 1274, "model": "stoqs.measuredparameter", "fields": {"datavalue": "36664649729.700000000000000000000000000000", "parameter": 10, "measurement": 128}}, {"pk": 1275, "model": "stoqs.measuredparameter", "fields": {"datavalue": "0.002372078698900000000000000000", "parameter": 7, "measurement": 128}}, {"pk": 1276, "model": "stoqs.measuredparameter", "fields": {"datavalue": "1.023149745930000000000000000000", "parameter": 2, "measurement": 128}}, {"pk": 1277, "model": "stoqs.measuredparameter", "fields": {"datavalue": "0.005872358204550000000000000000", "parameter": 6, "measurement": 129}}, {"pk": 1278, "model": "stoqs.measuredparameter", "fields": {"datavalue": "13.748269185200000000000000000000", "parameter": 3, "measurement": 129}}, {"pk": 1279, "model": "stoqs.measuredparameter", "fields": {"datavalue": "6.546210260680000000000000000000", "parameter": 4, "measurement": 129}}, {"pk": 1280, "model": "stoqs.measuredparameter", "fields": {"datavalue": "33.563089093900000000000000000000", "parameter": 9, "measurement": 129}}, {"pk": 1281, "model": "stoqs.measuredparameter", "fields": {"datavalue": "3.770000000000000000000000000000", "parameter": 5, "measurement": 129}}, {"pk": 1282, "model": "stoqs.measuredparameter", "fields": {"datavalue": "0.001078602872540000000000000000", "parameter": 8, "measurement": 129}}, {"pk": 1283, "model": "stoqs.measuredparameter", "fields": {"datavalue": "25.124331437600000000000000000000", "parameter": 1, "measurement": 129}}, {"pk": 1284, "model": "stoqs.measuredparameter", "fields": {"datavalue": "38882845552.700000000000000000000000000000", "parameter": 10, "measurement": 129}}, {"pk": 1285, "model": "stoqs.measuredparameter", "fields": {"datavalue": "0.004995534495950000000000000000", "parameter": 7, "measurement": 129}}, {"pk": 1286, "model": "stoqs.measuredparameter", "fields": {"datavalue": "3.713737550440000000000000000000", "parameter": 2, "measurement": 129}}, {"pk": 1287, "model": "stoqs.measuredparameter", "fields": {"datavalue": "0.010689395869200000000000000000", "parameter": 6, "measurement": 130}}, {"pk": 1288, "model": "stoqs.measuredparameter", "fields": {"datavalue": "11.388068958400000000000000000000", "parameter": 3, "measurement": 130}}, {"pk": 1289, "model": "stoqs.measuredparameter", "fields": {"datavalue": "3.635415499910000000000000000000", "parameter": 4, "measurement": 130}}, {"pk": 1290, "model": "stoqs.measuredparameter", "fields": {"datavalue": "33.673324253900000000000000000000", "parameter": 9, "measurement": 130}}, {"pk": 1291, "model": "stoqs.measuredparameter", "fields": {"datavalue": "19.020000000000000000000000000000", "parameter": 5, "measurement": 130}}, {"pk": 1292, "model": "stoqs.measuredparameter", "fields": {"datavalue": "0.000111319997500000000000000000", "parameter": 8, "measurement": 130}}, {"pk": 1293, "model": "stoqs.measuredparameter", "fields": {"datavalue": "25.858604317800000000000000000000", "parameter": 1, "measurement": 130}}, {"pk": 1294, "model": "stoqs.measuredparameter", "fields": {"datavalue": "8558542070.190000000000000000000000000000", "parameter": 10, "measurement": 130}}, {"pk": 1295, "model": "stoqs.measuredparameter", "fields": {"datavalue": "0.007944726746910000000000000000", "parameter": 7, "measurement": 130}}, {"pk": 1296, "model": "stoqs.measuredparameter", "fields": {"datavalue": "0.383285883394000000000000000000", "parameter": 2, "measurement": 130}}, {"pk": 1297, "model": "stoqs.measuredparameter", "fields": {"datavalue": "13.513030597800000000000000000000", "parameter": 3, "measurement": 131}}, {"pk": 1298, "model": "stoqs.measuredparameter", "fields": {"datavalue": "5.544095460320000000000000000000", "parameter": 4, "measurement": 131}}, {"pk": 1299, "model": "stoqs.measuredparameter", "fields": {"datavalue": "33.544567595300000000000000000000", "parameter": 9, "measurement": 131}}, {"pk": 1300, "model": "stoqs.measuredparameter", "fields": {"datavalue": "4.940000000000000000000000000000", "parameter": 5, "measurement": 131}}, {"pk": 1301, "model": "stoqs.measuredparameter", "fields": {"datavalue": "0.001833187848070000000000000000", "parameter": 8, "measurement": 131}}, {"pk": 1302, "model": "stoqs.measuredparameter", "fields": {"datavalue": "25.158493626800000000000000000000", "parameter": 1, "measurement": 131}}, {"pk": 1303, "model": "stoqs.measuredparameter", "fields": {"datavalue": "50066518054.700000000000000000000000000000", "parameter": 10, "measurement": 131}}, {"pk": 1304, "model": "stoqs.measuredparameter", "fields": {"datavalue": "6.311849079680000000000000000000", "parameter": 2, "measurement": 131}}, {"pk": 1305, "model": "stoqs.measuredparameter", "fields": {"datavalue": "0.012094796654900000000000000000", "parameter": 6, "measurement": 132}}, {"pk": 1306, "model": "stoqs.measuredparameter", "fields": {"datavalue": "12.429619457200000000000000000000", "parameter": 3, "measurement": 132}}, {"pk": 1307, "model": "stoqs.measuredparameter", "fields": {"datavalue": "4.600078141800000000000000000000", "parameter": 4, "measurement": 132}}, {"pk": 1308, "model": "stoqs.measuredparameter", "fields": {"datavalue": "33.617002936500000000000000000000", "parameter": 9, "measurement": 132}}, {"pk": 1309, "model": "stoqs.measuredparameter", "fields": {"datavalue": "12.920000000000000000000000000000", "parameter": 5, "measurement": 132}}, {"pk": 1310, "model": "stoqs.measuredparameter", "fields": {"datavalue": "0.000292230390352000000000000000", "parameter": 8, "measurement": 132}}, {"pk": 1311, "model": "stoqs.measuredparameter", "fields": {"datavalue": "25.594462116800000000000000000000", "parameter": 1, "measurement": 132}}, {"pk": 1312, "model": "stoqs.measuredparameter", "fields": {"datavalue": "21139183916.300000000000000000000000000000", "parameter": 10, "measurement": 132}}, {"pk": 1313, "model": "stoqs.measuredparameter", "fields": {"datavalue": "0.008758301396420000000000000000", "parameter": 7, "measurement": 132}}, {"pk": 1314, "model": "stoqs.measuredparameter", "fields": {"datavalue": "1.006178457020000000000000000000", "parameter": 2, "measurement": 132}}, {"pk": 1315, "model": "stoqs.measuredparameter", "fields": {"datavalue": "0.016037086286300000000000000000", "parameter": 6, "measurement": 133}}, {"pk": 1316, "model": "stoqs.measuredparameter", "fields": {"datavalue": "12.130183638300000000000000000000", "parameter": 3, "measurement": 133}}, {"pk": 1317, "model": "stoqs.measuredparameter", "fields": {"datavalue": "3.947939606490000000000000000000", "parameter": 4, "measurement": 133}}, {"pk": 1318, "model": "stoqs.measuredparameter", "fields": {"datavalue": "33.626316357000000000000000000000", "parameter": 9, "measurement": 133}}, {"pk": 1319, "model": "stoqs.measuredparameter", "fields": {"datavalue": "15.800000000000000000000000000000", "parameter": 5, "measurement": 133}}, {"pk": 1320, "model": "stoqs.measuredparameter", "fields": {"datavalue": "0.000248875352461000000000000000", "parameter": 8, "measurement": 133}}, {"pk": 1321, "model": "stoqs.measuredparameter", "fields": {"datavalue": "25.650169415100000000000000000000", "parameter": 1, "measurement": 133}}, {"pk": 1322, "model": "stoqs.measuredparameter", "fields": {"datavalue": "6512523060.830000000000000000000000000000", "parameter": 10, "measurement": 133}}, {"pk": 1323, "model": "stoqs.measuredparameter", "fields": {"datavalue": "0.011751177060700000000000000000", "parameter": 7, "measurement": 133}}, {"pk": 1324, "model": "stoqs.measuredparameter", "fields": {"datavalue": "0.856902726060000000000000000000", "parameter": 2, "measurement": 133}}, {"pk": 1325, "model": "stoqs.measuredparameter", "fields": {"datavalue": "0.006111239219040000000000000000", "parameter": 6, "measurement": 134}}, {"pk": 1326, "model": "stoqs.measuredparameter", "fields": {"datavalue": "12.929019846500000000000000000000", "parameter": 3, "measurement": 134}}, {"pk": 1327, "model": "stoqs.measuredparameter", "fields": {"datavalue": "4.964621755970000000000000000000", "parameter": 4, "measurement": 134}}, {"pk": 1328, "model": "stoqs.measuredparameter", "fields": {"datavalue": "33.581870866000000000000000000000", "parameter": 9, "measurement": 134}}, {"pk": 1329, "model": "stoqs.measuredparameter", "fields": {"datavalue": "10.550000000000000000000000000000", "parameter": 5, "measurement": 134}}, {"pk": 1330, "model": "stoqs.measuredparameter", "fields": {"datavalue": "0.000356326309019000000000000000", "parameter": 8, "measurement": 134}}, {"pk": 1331, "model": "stoqs.measuredparameter", "fields": {"datavalue": "25.402476348900000000000000000000", "parameter": 1, "measurement": 134}}, {"pk": 1332, "model": "stoqs.measuredparameter", "fields": {"datavalue": "28981966961.900000000000000000000000000000", "parameter": 10, "measurement": 134}}, {"pk": 1333, "model": "stoqs.measuredparameter", "fields": {"datavalue": "0.004856327175710000000000000000", "parameter": 7, "measurement": 134}}, {"pk": 1334, "model": "stoqs.measuredparameter", "fields": {"datavalue": "1.226867114580000000000000000000", "parameter": 2, "measurement": 134}}, {"pk": 1335, "model": "stoqs.measuredparameter", "fields": {"datavalue": "0.004052079710560000000000000000", "parameter": 6, "measurement": 135}}, {"pk": 1336, "model": "stoqs.measuredparameter", "fields": {"datavalue": "13.422801593100000000000000000000", "parameter": 3, "measurement": 135}}, {"pk": 1337, "model": "stoqs.measuredparameter", "fields": {"datavalue": "5.489452071310000000000000000000", "parameter": 4, "measurement": 135}}, {"pk": 1338, "model": "stoqs.measuredparameter", "fields": {"datavalue": "33.531188685900000000000000000000", "parameter": 9, "measurement": 135}}, {"pk": 1339, "model": "stoqs.measuredparameter", "fields": {"datavalue": "8.130000000000000000000000000000", "parameter": 5, "measurement": 135}}, {"pk": 1340, "model": "stoqs.measuredparameter", "fields": {"datavalue": "0.000616253851768000000000000000", "parameter": 8, "measurement": 135}}, {"pk": 1341, "model": "stoqs.measuredparameter", "fields": {"datavalue": "25.203428902400000000000000000000", "parameter": 1, "measurement": 135}}, {"pk": 1342, "model": "stoqs.measuredparameter", "fields": {"datavalue": "44986420360.900000000000000000000000000000", "parameter": 10, "measurement": 135}}, {"pk": 1343, "model": "stoqs.measuredparameter", "fields": {"datavalue": "0.003513127734260000000000000000", "parameter": 7, "measurement": 135}}, {"pk": 1344, "model": "stoqs.measuredparameter", "fields": {"datavalue": "2.121823637020000000000000000000", "parameter": 2, "measurement": 135}}, {"pk": 1345, "model": "stoqs.measuredparameter", "fields": {"datavalue": "0.036892609922500000000000000000", "parameter": 6, "measurement": 136}}, {"pk": 1346, "model": "stoqs.measuredparameter", "fields": {"datavalue": "12.921392213500000000000000000000", "parameter": 3, "measurement": 136}}, {"pk": 1347, "model": "stoqs.measuredparameter", "fields": {"datavalue": "4.580698958000000000000000000000", "parameter": 4, "measurement": 136}}, {"pk": 1348, "model": "stoqs.measuredparameter", "fields": {"datavalue": "33.586445855700000000000000000000", "parameter": 9, "measurement": 136}}, {"pk": 1349, "model": "stoqs.measuredparameter", "fields": {"datavalue": "10.900000000000000000000000000000", "parameter": 5, "measurement": 136}}, {"pk": 1350, "model": "stoqs.measuredparameter", "fields": {"datavalue": "0.000412934523927000000000000000", "parameter": 8, "measurement": 136}}, {"pk": 1351, "model": "stoqs.measuredparameter", "fields": {"datavalue": "25.412480457400000000000000000000", "parameter": 1, "measurement": 136}}, {"pk": 1352, "model": "stoqs.measuredparameter", "fields": {"datavalue": "1726750897.800000000000000000000000000000", "parameter": 10, "measurement": 136}}, {"pk": 1353, "model": "stoqs.measuredparameter", "fields": {"datavalue": "0.030936648345600000000000000000", "parameter": 7, "measurement": 136}}, {"pk": 1354, "model": "stoqs.measuredparameter", "fields": {"datavalue": "1.421774859330000000000000000000", "parameter": 2, "measurement": 136}}, {"pk": 1355, "model": "stoqs.measuredparameter", "fields": {"datavalue": "0.008153319403890000000000000000", "parameter": 6, "measurement": 137}}, {"pk": 1356, "model": "stoqs.measuredparameter", "fields": {"datavalue": "13.688598669000000000000000000000", "parameter": 3, "measurement": 137}}, {"pk": 1357, "model": "stoqs.measuredparameter", "fields": {"datavalue": "6.308114698800000000000000000000", "parameter": 4, "measurement": 137}}, {"pk": 1358, "model": "stoqs.measuredparameter", "fields": {"datavalue": "33.530328357300000000000000000000", "parameter": 9, "measurement": 137}}, {"pk": 1359, "model": "stoqs.measuredparameter", "fields": {"datavalue": "4.520000000000000000000000000000", "parameter": 5, "measurement": 137}}, {"pk": 1360, "model": "stoqs.measuredparameter", "fields": {"datavalue": "0.001331045598550000000000000000", "parameter": 8, "measurement": 137}}, {"pk": 1361, "model": "stoqs.measuredparameter", "fields": {"datavalue": "25.142934217200000000000000000000", "parameter": 1, "measurement": 137}}, {"pk": 1362, "model": "stoqs.measuredparameter", "fields": {"datavalue": "76006413025.000000000000000000000000000000", "parameter": 10, "measurement": 137}}, {"pk": 1363, "model": "stoqs.measuredparameter", "fields": {"datavalue": "0.008075258932920000000000000000", "parameter": 7, "measurement": 137}}, {"pk": 1364, "model": "stoqs.measuredparameter", "fields": {"datavalue": "4.582923100360000000000000000000", "parameter": 2, "measurement": 137}}, {"pk": 1365, "model": "stoqs.measuredparameter", "fields": {"datavalue": "0.018786711769000000000000000000", "parameter": 6, "measurement": 138}}, {"pk": 1366, "model": "stoqs.measuredparameter", "fields": {"datavalue": "13.084625790800000000000000000000", "parameter": 3, "measurement": 138}}, {"pk": 1367, "model": "stoqs.measuredparameter", "fields": {"datavalue": "4.587597598320000000000000000000", "parameter": 4, "measurement": 138}}, {"pk": 1368, "model": "stoqs.measuredparameter", "fields": {"datavalue": "33.581315524500000000000000000000", "parameter": 9, "measurement": 138}}, {"pk": 1369, "model": "stoqs.measuredparameter", "fields": {"datavalue": "10.230000000000000000000000000000", "parameter": 5, "measurement": 138}}, {"pk": 1370, "model": "stoqs.measuredparameter", "fields": {"datavalue": "0.000329627511865000000000000000", "parameter": 8, "measurement": 138}}, {"pk": 1371, "model": "stoqs.measuredparameter", "fields": {"datavalue": "25.358775129000000000000000000000", "parameter": 1, "measurement": 138}}, {"pk": 1372, "model": "stoqs.measuredparameter", "fields": {"datavalue": "2281322593.760000000000000000000000000000", "parameter": 10, "measurement": 138}}, {"pk": 1373, "model": "stoqs.measuredparameter", "fields": {"datavalue": "0.014687723746200000000000000000", "parameter": 7, "measurement": 138}}, {"pk": 1374, "model": "stoqs.measuredparameter", "fields": {"datavalue": "1.134940486100000000000000000000", "parameter": 2, "measurement": 138}}, {"pk": 1375, "model": "stoqs.measuredparameter", "fields": {"datavalue": "0.004245765707080000000000000000", "parameter": 6, "measurement": 139}}, {"pk": 1376, "model": "stoqs.measuredparameter", "fields": {"datavalue": "13.254041206600000000000000000000", "parameter": 3, "measurement": 139}}, {"pk": 1377, "model": "stoqs.measuredparameter", "fields": {"datavalue": "5.294860752150000000000000000000", "parameter": 4, "measurement": 139}}, {"pk": 1378, "model": "stoqs.measuredparameter", "fields": {"datavalue": "33.551095410300000000000000000000", "parameter": 9, "measurement": 139}}, {"pk": 1379, "model": "stoqs.measuredparameter", "fields": {"datavalue": "9.170000000000000000000000000000", "parameter": 5, "measurement": 139}}, {"pk": 1380, "model": "stoqs.measuredparameter", "fields": {"datavalue": "0.000092907701829000000000000000", "parameter": 8, "measurement": 139}}, {"pk": 1381, "model": "stoqs.measuredparameter", "fields": {"datavalue": "25.288062384400000000000000000000", "parameter": 1, "measurement": 139}}, {"pk": 1382, "model": "stoqs.measuredparameter", "fields": {"datavalue": "40704530946.900000000000000000000000000000", "parameter": 10, "measurement": 139}}, {"pk": 1383, "model": "stoqs.measuredparameter", "fields": {"datavalue": "0.003512836009740000000000000000", "parameter": 7, "measurement": 139}}, {"pk": 1384, "model": "stoqs.measuredparameter", "fields": {"datavalue": "0.319890508167000000000000000000", "parameter": 2, "measurement": 139}}, {"pk": 1385, "model": "stoqs.measuredparameter", "fields": {"datavalue": "0.006126727416790000000000000000", "parameter": 6, "measurement": 140}}, {"pk": 1386, "model": "stoqs.measuredparameter", "fields": {"datavalue": "13.309764487100000000000000000000", "parameter": 3, "measurement": 140}}, {"pk": 1387, "model": "stoqs.measuredparameter", "fields": {"datavalue": "5.204815258790000000000000000000", "parameter": 4, "measurement": 140}}, {"pk": 1388, "model": "stoqs.measuredparameter", "fields": {"datavalue": "33.560553821100000000000000000000", "parameter": 9, "measurement": 140}}, {"pk": 1389, "model": "stoqs.measuredparameter", "fields": {"datavalue": "8.260000000000000000000000000000", "parameter": 5, "measurement": 140}}, {"pk": 1390, "model": "stoqs.measuredparameter", "fields": {"datavalue": "0.000611669175529000000000000000", "parameter": 8, "measurement": 140}}, {"pk": 1391, "model": "stoqs.measuredparameter", "fields": {"datavalue": "25.343879962900000000000000000000", "parameter": 1, "measurement": 140}}, {"pk": 1392, "model": "stoqs.measuredparameter", "fields": {"datavalue": "32943704653.400000000000000000000000000000", "parameter": 10, "measurement": 140}}, {"pk": 1393, "model": "stoqs.measuredparameter", "fields": {"datavalue": "0.004779037042280000000000000000", "parameter": 7, "measurement": 140}}, {"pk": 1394, "model": "stoqs.measuredparameter", "fields": {"datavalue": "2.106038138260000000000000000000", "parameter": 2, "measurement": 140}}, {"pk": 1395, "model": "stoqs.measuredparameter", "fields": {"datavalue": "0.009906125632330000000000000000", "parameter": 6, "measurement": 141}}, {"pk": 1396, "model": "stoqs.measuredparameter", "fields": {"datavalue": "13.130725633500000000000000000000", "parameter": 3, "measurement": 141}}, {"pk": 1397, "model": "stoqs.measuredparameter", "fields": {"datavalue": "5.371375861660000000000000000000", "parameter": 4, "measurement": 141}}, {"pk": 1398, "model": "stoqs.measuredparameter", "fields": {"datavalue": "33.584283717200000000000000000000", "parameter": 9, "measurement": 141}}, {"pk": 1399, "model": "stoqs.measuredparameter", "fields": {"datavalue": "8.770000000000000000000000000000", "parameter": 5, "measurement": 141}}, {"pk": 1400, "model": "stoqs.measuredparameter", "fields": {"datavalue": "0.000457687061404000000000000000", "parameter": 8, "measurement": 141}}, {"pk": 1401, "model": "stoqs.measuredparameter", "fields": {"datavalue": "25.399820252000000000000000000000", "parameter": 1, "measurement": 141}}, {"pk": 1402, "model": "stoqs.measuredparameter", "fields": {"datavalue": "22474157281.000000000000000000000000000000", "parameter": 10, "measurement": 141}}, {"pk": 1403, "model": "stoqs.measuredparameter", "fields": {"datavalue": "0.007374791043500000000000000000", "parameter": 7, "measurement": 141}}, {"pk": 1404, "model": "stoqs.measuredparameter", "fields": {"datavalue": "1.575862321120000000000000000000", "parameter": 2, "measurement": 141}}, {"pk": 1405, "model": "stoqs.measuredparameter", "fields": {"datavalue": "0.005417004502930000000000000000", "parameter": 6, "measurement": 142}}, {"pk": 1406, "model": "stoqs.measuredparameter", "fields": {"datavalue": "12.687397267300000000000000000000", "parameter": 3, "measurement": 142}}, {"pk": 1407, "model": "stoqs.measuredparameter", "fields": {"datavalue": "4.752111364210000000000000000000", "parameter": 4, "measurement": 142}}, {"pk": 1408, "model": "stoqs.measuredparameter", "fields": {"datavalue": "33.594246621400000000000000000000", "parameter": 9, "measurement": 142}}, {"pk": 1409, "model": "stoqs.measuredparameter", "fields": {"datavalue": "11.280000000000000000000000000000", "parameter": 5, "measurement": 142}}, {"pk": 1410, "model": "stoqs.measuredparameter", "fields": {"datavalue": "0.000369949848253000000000000000", "parameter": 8, "measurement": 142}}, {"pk": 1411, "model": "stoqs.measuredparameter", "fields": {"datavalue": "25.474374733500000000000000000000", "parameter": 1, "measurement": 142}}, {"pk": 1412, "model": "stoqs.measuredparameter", "fields": {"datavalue": "23945017788.300000000000000000000000000000", "parameter": 10, "measurement": 142}}, {"pk": 1413, "model": "stoqs.measuredparameter", "fields": {"datavalue": "0.003984641994070000000000000000", "parameter": 7, "measurement": 142}}, {"pk": 1414, "model": "stoqs.measuredparameter", "fields": {"datavalue": "1.273774322520000000000000000000", "parameter": 2, "measurement": 142}}, {"pk": 1415, "model": "stoqs.measuredparameter", "fields": {"datavalue": "0.002184453062350000000000000000", "parameter": 6, "measurement": 143}}, {"pk": 1416, "model": "stoqs.measuredparameter", "fields": {"datavalue": "13.530430883800000000000000000000", "parameter": 3, "measurement": 143}}, {"pk": 1417, "model": "stoqs.measuredparameter", "fields": {"datavalue": "3.267459502010000000000000000000", "parameter": 4, "measurement": 143}}, {"pk": 1418, "model": "stoqs.measuredparameter", "fields": {"datavalue": "33.469767634500000000000000000000", "parameter": 9, "measurement": 143}}, {"pk": 1419, "model": "stoqs.measuredparameter", "fields": {"datavalue": "7.500000000000000000000000000000", "parameter": 5, "measurement": 143}}, {"pk": 1420, "model": "stoqs.measuredparameter", "fields": {"datavalue": "0.000375703801299000000000000000", "parameter": 8, "measurement": 143}}, {"pk": 1421, "model": "stoqs.measuredparameter", "fields": {"datavalue": "25.152682956800000000000000000000", "parameter": 1, "measurement": 143}}, {"pk": 1422, "model": "stoqs.measuredparameter", "fields": {"datavalue": "22157829527.600000000000000000000000000000", "parameter": 10, "measurement": 143}}, {"pk": 1423, "model": "stoqs.measuredparameter", "fields": {"datavalue": "0.002031924415560000000000000000", "parameter": 7, "measurement": 143}}, {"pk": 1424, "model": "stoqs.measuredparameter", "fields": {"datavalue": "1.293585758250000000000000000000", "parameter": 2, "measurement": 143}}, {"pk": 1425, "model": "stoqs.measuredparameter", "fields": {"datavalue": "0.002783162924410000000000000000", "parameter": 6, "measurement": 144}}, {"pk": 1426, "model": "stoqs.measuredparameter", "fields": {"datavalue": "13.263456858900000000000000000000", "parameter": 3, "measurement": 144}}, {"pk": 1427, "model": "stoqs.measuredparameter", "fields": {"datavalue": "5.637245506320000000000000000000", "parameter": 4, "measurement": 144}}, {"pk": 1428, "model": "stoqs.measuredparameter", "fields": {"datavalue": "33.558468765600000000000000000000", "parameter": 9, "measurement": 144}}, {"pk": 1429, "model": "stoqs.measuredparameter", "fields": {"datavalue": "7.530000000000000000000000000000", "parameter": 5, "measurement": 144}}, {"pk": 1430, "model": "stoqs.measuredparameter", "fields": {"datavalue": "0.000493251961623000000000000000", "parameter": 8, "measurement": 144}}, {"pk": 1431, "model": "stoqs.measuredparameter", "fields": {"datavalue": "25.298327117900000000000000000000", "parameter": 1, "measurement": 144}}, {"pk": 1432, "model": "stoqs.measuredparameter", "fields": {"datavalue": "27516580552.800000000000000000000000000000", "parameter": 10, "measurement": 144}}, {"pk": 1433, "model": "stoqs.measuredparameter", "fields": {"datavalue": "0.002719967623350000000000000000", "parameter": 7, "measurement": 144}}, {"pk": 1434, "model": "stoqs.measuredparameter", "fields": {"datavalue": "1.698315829060000000000000000000", "parameter": 2, "measurement": 144}}, {"pk": 1435, "model": "stoqs.measuredparameter", "fields": {"datavalue": "0.004716982462900000000000000000", "parameter": 6, "measurement": 145}}, {"pk": 1436, "model": "stoqs.measuredparameter", "fields": {"datavalue": "13.435291518400000000000000000000", "parameter": 3, "measurement": 145}}, {"pk": 1437, "model": "stoqs.measuredparameter", "fields": {"datavalue": "5.916147410800000000000000000000", "parameter": 4, "measurement": 145}}, {"pk": 1438, "model": "stoqs.measuredparameter", "fields": {"datavalue": "33.546988104300000000000000000000", "parameter": 9, "measurement": 145}}, {"pk": 1439, "model": "stoqs.measuredparameter", "fields": {"datavalue": "6.450000000000000000000000000000", "parameter": 5, "measurement": 145}}, {"pk": 1440, "model": "stoqs.measuredparameter", "fields": {"datavalue": "0.000688141381487000000000000000", "parameter": 8, "measurement": 145}}, {"pk": 1441, "model": "stoqs.measuredparameter", "fields": {"datavalue": "25.254314151000000000000000000000", "parameter": 1, "measurement": 145}}, {"pk": 1442, "model": "stoqs.measuredparameter", "fields": {"datavalue": "37267410687.700000000000000000000000000000", "parameter": 10, "measurement": 145}}, {"pk": 1443, "model": "stoqs.measuredparameter", "fields": {"datavalue": "0.004333317059510000000000000000", "parameter": 7, "measurement": 145}}, {"pk": 1444, "model": "stoqs.measuredparameter", "fields": {"datavalue": "2.369339590600000000000000000000", "parameter": 2, "measurement": 145}}, {"pk": 1445, "model": "stoqs.measuredparameter", "fields": {"datavalue": "0.005604333825480000000000000000", "parameter": 6, "measurement": 146}}, {"pk": 1446, "model": "stoqs.measuredparameter", "fields": {"datavalue": "13.001226682100000000000000000000", "parameter": 3, "measurement": 146}}, {"pk": 1447, "model": "stoqs.measuredparameter", "fields": {"datavalue": "5.210593434130000000000000000000", "parameter": 4, "measurement": 146}}, {"pk": 1448, "model": "stoqs.measuredparameter", "fields": {"datavalue": "33.581416726900000000000000000000", "parameter": 9, "measurement": 146}}, {"pk": 1449, "model": "stoqs.measuredparameter", "fields": {"datavalue": "9.080000000000000000000000000000", "parameter": 5, "measurement": 146}}, {"pk": 1450, "model": "stoqs.measuredparameter", "fields": {"datavalue": "0.000450666178781000000000000000", "parameter": 8, "measurement": 146}}, {"pk": 1451, "model": "stoqs.measuredparameter", "fields": {"datavalue": "25.419967271800000000000000000000", "parameter": 1, "measurement": 146}}, {"pk": 1452, "model": "stoqs.measuredparameter", "fields": {"datavalue": "19285864017.800000000000000000000000000000", "parameter": 10, "measurement": 146}}, {"pk": 1453, "model": "stoqs.measuredparameter", "fields": {"datavalue": "0.004450541136800000000000000000", "parameter": 7, "measurement": 146}}, {"pk": 1454, "model": "stoqs.measuredparameter", "fields": {"datavalue": "1.551688720160000000000000000000", "parameter": 2, "measurement": 146}}, {"pk": 1455, "model": "stoqs.measuredparameter", "fields": {"datavalue": "0.006315259584680000000000000000", "parameter": 6, "measurement": 147}}, {"pk": 1456, "model": "stoqs.measuredparameter", "fields": {"datavalue": "13.496170088600000000000000000000", "parameter": 3, "measurement": 147}}, {"pk": 1457, "model": "stoqs.measuredparameter", "fields": {"datavalue": "4.692826833530000000000000000000", "parameter": 4, "measurement": 147}}, {"pk": 1458, "model": "stoqs.measuredparameter", "fields": {"datavalue": "33.554601009900000000000000000000", "parameter": 9, "measurement": 147}}, {"pk": 1459, "model": "stoqs.measuredparameter", "fields": {"datavalue": "4.710000000000000000000000000000", "parameter": 5, "measurement": 147}}, {"pk": 1460, "model": "stoqs.measuredparameter", "fields": {"datavalue": "0.001229657681650000000000000000", "parameter": 8, "measurement": 147}}, {"pk": 1461, "model": "stoqs.measuredparameter", "fields": {"datavalue": "25.187342030200000000000000000000", "parameter": 1, "measurement": 147}}, {"pk": 1462, "model": "stoqs.measuredparameter", "fields": {"datavalue": "20791891383.900000000000000000000000000000", "parameter": 10, "measurement": 147}}, {"pk": 1463, "model": "stoqs.measuredparameter", "fields": {"datavalue": "0.006139478313460000000000000000", "parameter": 7, "measurement": 147}}, {"pk": 1464, "model": "stoqs.measuredparameter", "fields": {"datavalue": "4.233834363700000000000000000000", "parameter": 2, "measurement": 147}}, {"pk": 1465, "model": "stoqs.measuredparameter", "fields": {"datavalue": "0.007807098675930000000000000000", "parameter": 6, "measurement": 148}}, {"pk": 1466, "model": "stoqs.measuredparameter", "fields": {"datavalue": "12.034301865800000000000000000000", "parameter": 3, "measurement": 148}}, {"pk": 1467, "model": "stoqs.measuredparameter", "fields": {"datavalue": "4.135888078430000000000000000000", "parameter": 4, "measurement": 148}}, {"pk": 1468, "model": "stoqs.measuredparameter", "fields": {"datavalue": "33.619700422400000000000000000000", "parameter": 9, "measurement": 148}}, {"pk": 1469, "model": "stoqs.measuredparameter", "fields": {"datavalue": "15.650000000000000000000000000000", "parameter": 5, "measurement": 148}}, {"pk": 1470, "model": "stoqs.measuredparameter", "fields": {"datavalue": "0.000241964721434000000000000000", "parameter": 8, "measurement": 148}}, {"pk": 1471, "model": "stoqs.measuredparameter", "fields": {"datavalue": "25.660172707300000000000000000000", "parameter": 1, "measurement": 148}}, {"pk": 1472, "model": "stoqs.measuredparameter", "fields": {"datavalue": "679558727.104000000000000000000000000000", "parameter": 10, "measurement": 148}}, {"pk": 1473, "model": "stoqs.measuredparameter", "fields": {"datavalue": "0.005495034410580000000000000000", "parameter": 7, "measurement": 148}}, {"pk": 1474, "model": "stoqs.measuredparameter", "fields": {"datavalue": "0.833108732368000000000000000000", "parameter": 2, "measurement": 148}}, {"pk": 1475, "model": "stoqs.measuredparameter", "fields": {"datavalue": "0.016634237858500000000000000000", "parameter": 6, "measurement": 149}}, {"pk": 1476, "model": "stoqs.measuredparameter", "fields": {"datavalue": "11.163081167400000000000000000000", "parameter": 3, "measurement": 149}}, {"pk": 1477, "model": "stoqs.measuredparameter", "fields": {"datavalue": "3.068152984030000000000000000000", "parameter": 4, "measurement": 149}}, {"pk": 1478, "model": "stoqs.measuredparameter", "fields": {"datavalue": "33.698365246300000000000000000000", "parameter": 9, "measurement": 149}}, {"pk": 1479, "model": "stoqs.measuredparameter", "fields": {"datavalue": "21.240000000000000000000000000000", "parameter": 5, "measurement": 149}}, {"pk": 1480, "model": "stoqs.measuredparameter", "fields": {"datavalue": "0.000125864557424000000000000000", "parameter": 8, "measurement": 149}}, {"pk": 1481, "model": "stoqs.measuredparameter", "fields": {"datavalue": "25.946422248200000000000000000000", "parameter": 1, "measurement": 149}}, {"pk": 1482, "model": "stoqs.measuredparameter", "fields": {"datavalue": "727263286.879000000000000000000000000000", "parameter": 10, "measurement": 149}}, {"pk": 1483, "model": "stoqs.measuredparameter", "fields": {"datavalue": "0.011959603742800000000000000000", "parameter": 7, "measurement": 149}}, {"pk": 1484, "model": "stoqs.measuredparameter", "fields": {"datavalue": "0.433364257668000000000000000000", "parameter": 2, "measurement": 149}}, {"pk": 1485, "model": "stoqs.measuredparameter", "fields": {"datavalue": "0.002020109996640000000000000000", "parameter": 6, "measurement": 150}}, {"pk": 1486, "model": "stoqs.measuredparameter", "fields": {"datavalue": "12.786872469800000000000000000000", "parameter": 3, "measurement": 150}}, {"pk": 1487, "model": "stoqs.measuredparameter", "fields": {"datavalue": "4.794897315310000000000000000000", "parameter": 4, "measurement": 150}}, {"pk": 1488, "model": "stoqs.measuredparameter", "fields": {"datavalue": "33.568935177700000000000000000000", "parameter": 9, "measurement": 150}}, {"pk": 1489, "model": "stoqs.measuredparameter", "fields": {"datavalue": "11.210000000000000000000000000000", "parameter": 5, "measurement": 150}}, {"pk": 1490, "model": "stoqs.measuredparameter", "fields": {"datavalue": "0.000299306565715000000000000000", "parameter": 8, "measurement": 150}}, {"pk": 1491, "model": "stoqs.measuredparameter", "fields": {"datavalue": "25.430172978500000000000000000000", "parameter": 1, "measurement": 150}}, {"pk": 1492, "model": "stoqs.measuredparameter", "fields": {"datavalue": "999267919.845000000000000000000000000000", "parameter": 10, "measurement": 150}}, {"pk": 1493, "model": "stoqs.measuredparameter", "fields": {"datavalue": "0.001747908337470000000000000000", "parameter": 7, "measurement": 150}}, {"pk": 1494, "model": "stoqs.measuredparameter", "fields": {"datavalue": "1.030542436410000000000000000000", "parameter": 2, "measurement": 150}}]