[{"pk": 1, "model": "stoqs.campaign", "fields": {"startdate": null, "description": null, "enddate": null, "uuid": "24291e54f2894c6ca00a6edddf208247", "name": "default"}}, {"pk": 1, "model": "stoqs.activitytype", "fields": {"uuid": "83e8d1d6c6554e1a9232860825e21f69", "name": "AUV Mission"}}, {"pk": 1, "model": "stoqs.platformtype", "fields": {"uuid": "b9406fb2a33a467490d03e2643acc9ac", "name": "auv"}}, {"pk": 1, "model": "stoqs.platform", "fields": {"platformtype": 1, "uuid": "5ca9d3860d504c278250c6bc9864e5cd", "name": "dorado"}}, {"pk": 1, "model": "stoqs.activity", "fields": {"comment": "498 MeasuredParameters loaded: sea_water_sigma_t mass_concentration_of_chlorophyll_in_sea_water bbp420 temperature oxygen salinity fl700_uncorr nitrate biolume bbp700. Loaded on 2012-03-20 20:17:36.819045Z", "startdate": "2010-10-27 21:51:55", "mindepth": -0.98988532229869497, "enddate": "2010-10-28 15:51:57", "uuid": "e214c1f1203a4f2f86c64f32bf616cbd", "campaign": 1, "activitytype": 1, "loaded_date": "2012-03-20 20:17:36", "maptrack": "LINESTRING (-121.9010332164173178 36.8715857317041156, -121.9007776841559831 36.9341965158768915, -121.9265213949736193 36.9304714568906221, -121.9226731742071337 36.8933844501589263, -121.9231955272203862 36.8727821112297747, -121.9345214859750399 36.8680135972655521, -121.9519100623544716 36.8657082298784715, -121.9539616132498452 36.8688680653187504, -121.9548665681687822 36.8819479250313478, -121.9555577974561089 36.9306476685078380, -121.9648806855096410 36.9337372514763373, -121.9816552606456241 36.9303736927277768, -121.9783593080003783 36.9018630654041999, -121.9778504067669189 36.8773123667338254, -121.9808667665386821 36.8690687084715591, -122.0086718919535542 36.8649084841382972, -122.0111153381557045 36.9037502576329288, -122.0110234655163879 36.9284845574464953, -122.0175040149972574 36.9336764190645184, -122.0340972300354423 36.9307831514729727, -122.0359035782328903 36.9201545604911416, -122.0320095441281296 36.8938762345385527, -122.0321363896153315 36.8662906745471446, -122.0308017350677403 36.8676549947420327, -121.9838993592654646 36.8584402989893292, -121.9346335648316995 36.8566091842856665)", "platform": 1, "maxdepth": 47.025451609765902, "num_measuredparameters": 498, "name": "Dorado389_2010_300_00_300_00_decim.nc"}}, {"pk": 1, "model": "stoqs.instantpoint", "fields": {"timevalue": "2010-10-27 21:51:55", "activity": 1}}, {"pk": 2, "model": "stoqs.instantpoint", "fields": {"timevalue": "2010-10-27 22:13:26", "activity": 1}}, {"pk": 3, "model": "stoqs.instantpoint", "fields": {"timevalue": "2010-10-27 22:34:53", "activity": 1}}, {"pk": 4, "model": "stoqs.instantpoint", "fields": {"timevalue": "2010-10-27 22:56:19", "activity": 1}}, {"pk": 5, "model": "stoqs.instantpoint", "fields": {"timevalue": "2010-10-27 23:17:46", "activity": 1}}, {"pk": 6, "model": "stoqs.instantpoint", "fields": {"timevalue": "2010-10-27 23:39:13", "activity": 1}}, {"pk": 7, "model": "stoqs.instantpoint", "fields": {"timevalue": "2010-10-28 00:00:40", "activity": 1}}, {"pk": 8, "model": "stoqs.instantpoint", "fields": {"timevalue": "2010-10-28 00:22:06", "activity": 1}}, {"pk": 9, "model": "stoqs.instantpoint", "fields": {"timevalue": "2010-10-28 00:43:33", "activity": 1}}, {"pk": 10, "model": "stoqs.instantpoint", "fields": {"timevalue": "2010-10-28 01:04:59", "activity": 1}}, {"pk": 11, "model": "stoqs.instantpoint", "fields": {"timevalue": "2010-10-28 01:26:26", "activity": 1}}, {"pk": 12, "model": "stoqs.instantpoint", "fields": {"timevalue": "2010-10-28 01:47:53", "activity": 1}}, {"pk": 13, "model": "stoqs.instantpoint", "fields": {"timevalue": "2010-10-28 02:09:19", "activity": 1}}, {"pk": 14, "model": "stoqs.instantpoint", "fields": {"timevalue": "2010-10-28 02:30:46", "activity": 1}}, {"pk": 15, "model": "stoqs.instantpoint", "fields": {"timevalue": "2010-10-28 02:52:12", "activity": 1}}, {"pk": 16, "model": "stoqs.instantpoint", "fields": {"timevalue": "2010-10-28 03:13:38", "activity": 1}}, {"pk": 17, "model": "stoqs.instantpoint", "fields": {"timevalue": "2010-10-28 03:35:06", "activity": 1}}, {"pk": 18, "model": "stoqs.instantpoint", "fields": {"timevalue": "2010-10-28 03:56:33", "activity": 1}}, {"pk": 19, "model": "stoqs.instantpoint", "fields": {"timevalue": "2010-10-28 04:17:58", "activity": 1}}, {"pk": 20, "model": "stoqs.instantpoint", "fields": {"timevalue": "2010-10-28 04:39:24", "activity": 1}}, {"pk": 21, "model": "stoqs.instantpoint", "fields": {"timevalue": "2010-10-28 05:00:50", "activity": 1}}, {"pk": 22, "model": "stoqs.instantpoint", "fields": {"timevalue": "2010-10-28 05:22:17", "activity": 1}}, {"pk": 23, "model": "stoqs.instantpoint", "fields": {"timevalue": "2010-10-28 05:43:43", "activity": 1}}, {"pk": 24, "model": "stoqs.instantpoint", "fields": {"timevalue": "2010-10-28 06:05:09", "activity": 1}}, {"pk": 25, "model": "stoqs.instantpoint", "fields": {"timevalue": "2010-10-28 06:26:35", "activity": 1}}, {"pk": 26, "model": "stoqs.instantpoint", "fields": {"timevalue": "2010-10-28 06:48:00", "activity": 1}}, {"pk": 27, "model": "stoqs.instantpoint", "fields": {"timevalue": "2010-10-28 07:09:26", "activity": 1}}, {"pk": 28, "model": "stoqs.instantpoint", "fields": {"timevalue": "2010-10-28 07:30:52", "activity": 1}}, {"pk": 29, "model": "stoqs.instantpoint", "fields": {"timevalue": "2010-10-28 07:52:19", "activity": 1}}, {"pk": 30, "model": "stoqs.instantpoint", "fields": {"timevalue": "2010-10-28 08:13:45", "activity": 1}}, {"pk": 31, "model": "stoqs.instantpoint", "fields": {"timevalue": "2010-10-28 08:35:12", "activity": 1}}, {"pk": 32, "model": "stoqs.instantpoint", "fields": {"timevalue": "2010-10-28 08:56:38", "activity": 1}}, {"pk": 33, "model": "stoqs.instantpoint", "fields": {"timevalue": "2010-10-28 09:18:05", "activity": 1}}, {"pk": 34, "model": "stoqs.instantpoint", "fields": {"timevalue": "2010-10-28 09:39:31", "activity": 1}}, {"pk": 35, "model": "stoqs.instantpoint", "fields": {"timevalue": "2010-10-28 10:00:59", "activity": 1}}, {"pk": 36, "model": "stoqs.instantpoint", "fields": {"timevalue": "2010-10-28 10:22:26", "activity": 1}}, {"pk": 37, "model": "stoqs.instantpoint", "fields": {"timevalue": "2010-10-28 10:43:53", "activity": 1}}, {"pk": 38, "model": "stoqs.instantpoint", "fields": {"timevalue": "2010-10-28 11:05:21", "activity": 1}}, {"pk": 39, "model": "stoqs.instantpoint", "fields": {"timevalue": "2010-10-28 11:26:49", "activity": 1}}, {"pk": 40, "model": "stoqs.instantpoint", "fields": {"timevalue": "2010-10-28 11:48:16", "activity": 1}}, {"pk": 41, "model": "stoqs.instantpoint", "fields": {"timevalue": "2010-10-28 12:09:43", "activity": 1}}, {"pk": 42, "model": "stoqs.instantpoint", "fields": {"timevalue": "2010-10-28 12:31:11", "activity": 1}}, {"pk": 43, "model": "stoqs.instantpoint", "fields": {"timevalue": "2010-10-28 12:52:38", "activity": 1}}, {"pk": 44, "model": "stoqs.instantpoint", "fields": {"timevalue": "2010-10-28 13:14:06", "activity": 1}}, {"pk": 45, "model": "stoqs.instantpoint", "fields": {"timevalue": "2010-10-28 13:35:32", "activity": 1}}, {"pk": 46, "model": "stoqs.instantpoint", "fields": {"timevalue": "2010-10-28 13:56:59", "activity": 1}}, {"pk": 47, "model": "stoqs.instantpoint", "fields": {"timevalue": "2010-10-28 14:18:29", "activity": 1}}, {"pk": 48, "model": "stoqs.instantpoint", "fields": {"timevalue": "2010-10-28 14:39:57", "activity": 1}}, {"pk": 49, "model": "stoqs.instantpoint", "fields": {"timevalue": "2010-10-28 15:01:25", "activity": 1}}, {"pk": 50, "model": "stoqs.instantpoint", "fields": {"timevalue": "2010-10-28 15:22:52", "activity": 1}}, {"pk": 8, "model": "stoqs.parameter", "fields": {"origin": "Dorado389_2010_300_00_300_00_decim.nc", "description": null, "name": "fl700_uncorr", "long_name": "Fluorescence at 700nm (raw)", "standard_name": null, "units": "", "type": null, "uuid": "86c391015c474e66a442714826c40e31"}}, {"pk": 5, "model": "stoqs.parameter", "fields": {"origin": "Dorado389_2010_300_00_300_00_decim.nc", "description": null, "name": "nitrate", "long_name": "nitrate", "standard_name": null, "units": "micromole/kg", "type": null, "uuid": "26af03fa210e4bff8a2f486daaa80f49"}}, {"pk": 1, "model": "stoqs.parameter", "fields": {"origin": "Dorado389_2010_300_00_300_00_decim.nc", "description": null, "name": "sea_water_sigma_t", "long_name": "Sigma-T", "standard_name": "sea_water_sigma_t", "units": "kg m-3", "type": null, "uuid": "2ba545492eb740fbb0714b08d395c9c7"}}, {"pk": 10, "model": "stoqs.parameter", "fields": {"origin": "Dorado389_2010_300_00_300_00_decim.nc", "description": null, "name": "biolume", "long_name": "Bioluminesence", "standard_name": null, "units": "photons/sec", "type": null, "uuid": "9692fe44e5854fc2ad0ef5b85deec196"}}, {"pk": 7, "model": "stoqs.parameter", "fields": {"origin": "Dorado389_2010_300_00_300_00_decim.nc", "description": null, "name": "bbp700", "long_name": "Optical backscatter coefficient at 700nm", "standard_name": null, "units": "m-1", "type": null, "uuid": "853d2e6ac688467380c05ad43f32af42"}}, {"pk": 2, "model": "stoqs.parameter", "fields": {"origin": "Dorado389_2010_300_00_300_00_decim.nc", "description": null, "name": "mass_concentration_of_chlorophyll_in_sea_water", "long_name": "Chlorophyll", "standard_name": "mass_concentration_of_chlorophyll_in_sea_water", "units": "ug/l", "type": null, "uuid": "edb15a942de9488b8362cab6125253ba"}}, {"pk": 6, "model": "stoqs.parameter", "fields": {"origin": "Dorado389_2010_300_00_300_00_decim.nc", "description": null, "name": "bbp420", "long_name": "Optical backscatter coefficient at 420nm", "standard_name": null, "units": "m-1", "type": null, "uuid": "c0ce97410dd547288fc7d67d4d3b787f"}}, {"pk": 3, "model": "stoqs.parameter", "fields": {"origin": "Dorado389_2010_300_00_300_00_decim.nc", "description": null, "name": "temperature", "long_name": "temperature", "standard_name": "sea_water_temperature", "units": "Celsius", "type": null, "uuid": "70b3feea228b458f9e3e34acadee142f"}}, {"pk": 4, "model": "stoqs.parameter", "fields": {"origin": "Dorado389_2010_300_00_300_00_decim.nc", "description": null, "name": "oxygen", "long_name": "oxygen", "standard_name": null, "units": "ml/l", "type": null, "uuid": "6ec5532b5b5c498fa8678063760fb9dd"}}, {"pk": 9, "model": "stoqs.parameter", "fields": {"origin": "Dorado389_2010_300_00_300_00_decim.nc", "description": null, "name": "salinity", "long_name": "salinity", "standard_name": "sea_water_salinity", "units": "1", "type": null, "uuid": "901c88565aac469d82b779c202e4a23d"}}, {"pk": 1, "model": "stoqs.resourcetype", "fields": {"description": "Quick Look plot of data from this AUV survey", "uuid": "952b20edf6e84fafb0b12454c4dca6b9", "name": "quick_look"}}, {"pk": 2, "model": "stoqs.resourcetype", "fields": {"description": "Keyhole Markup Language file of data from this AUV survey", "uuid": "c115209f695348779a63792c433c935f", "name": "kml"}}, {"pk": 3, "model": "stoqs.resourcetype", "fields": {"description": "Ocean Data View spreadsheet text file", "uuid": "56e388bd0ac34b0094a9906856060ce6", "name": "odv"}}, {"pk": 4, "model": "stoqs.resourcetype", "fields": {"description": "Matlab data file", "uuid": "ff7c2ff8d51b476bbb25544b41b6fd30", "name": "mat"}}, {"pk": 5, "model": "stoqs.resourcetype", "fields": {"description": null, "uuid": "7493d2a311c34727825f70e5d0cede75", "name": "nc_global"}}, {"pk": 1, "model": "stoqs.resource", "fields": {"resourcetype": 1, "uristring": "http://dods.mbari.org/data/auvctd/surveys/2010/images/Dorado389_2010_300_00_300_00_2column.png", "uuid": "ba2a9475917746e28e288c05af7ab85c", "value": null, "name": "2column"}}, {"pk": 2, "model": "stoqs.resource", "fields": {"resourcetype": 1, "uristring": "http://dods.mbari.org/data/auvctd/surveys/2010/images/Dorado389_2010_300_00_300_00_biolume.png", "uuid": "c31a720ffdd343eb938cf9668854fc51", "value": null, "name": "biolume"}}, {"pk": 3, "model": "stoqs.resource", "fields": {"resourcetype": 1, "uristring": "http://dods.mbari.org/data/auvctd/surveys/2010/images/Dorado389_2010_300_00_300_00_hist_stats.png", "uuid": "ab199065ce9046bbaf176a7187db628a", "value": null, "name": "hist_stats"}}, {"pk": 4, "model": "stoqs.resource", "fields": {"resourcetype": 1, "uristring": "http://dods.mbari.org/data/auvctd/surveys/2010/images/Dorado389_2010_300_00_300_00_lopc.png", "uuid": "77f8dc22bcd54ccbac29f03edda5bd2f", "value": null, "name": "lopc"}}, {"pk": 5, "model": "stoqs.resource", "fields": {"resourcetype": 1, "uristring": "http://dods.mbari.org/data/auvctd/surveys/2010/images/Dorado389_2010_300_00_300_00_nav_adjust.png", "uuid": "45bd95ef015d45e6a975bcaf17f2d870", "value": null, "name": "nav_adjust"}}, {"pk": 6, "model": "stoqs.resource", "fields": {"resourcetype": 1, "uristring": "http://dods.mbari.org/data/auvctd/surveys/2010/images/Dorado389_2010_300_00_300_00_prof_stats.png", "uuid": "88197a1be8594d31ac0e226d858a67b9", "value": null, "name": "prof_stats"}}, {"pk": 7, "model": "stoqs.resource", "fields": {"resourcetype": 2, "uristring": "http://dods.mbari.org/data/auvctd/surveys/2010/kml/Dorado389_2010_300_00_300_00.kml", "uuid": "77e37a6edc1d4fd492fe07bcd9fd924a", "value": null, "name": "kml"}}, {"pk": 8, "model": "stoqs.resource", "fields": {"resourcetype": 3, "uristring": "http://dods.mbari.org/data/auvctd/surveys/2010/odv/Dorado389_2010_300_00_300_00.txt", "uuid": "58beb7c031cc49c18df261669fff7529", "value": null, "name": "odv"}}, {"pk": 9, "model": "stoqs.resource", "fields": {"resourcetype": 3, "uristring": "http://dods.mbari.org/data/auvctd/surveys/2010/odv/Dorado389_2010_300_00_300_00_Gulper.txt", "uuid": "785076407d374ef38b5d108723def40c", "value": null, "name": "odvGulper"}}, {"pk": 10, "model": "stoqs.resource", "fields": {"resourcetype": 4, "uristring": "http://dods.mbari.org/data/auvctd/surveys/2010/mat/Dorado389_2010_300_00_300_00.mat", "uuid": "6281348dbffe4cf088116abffcccd069", "value": null, "name": "mat"}}, {"pk": 11, "model": "stoqs.resource", "fields": {"resourcetype": 4, "uristring": "http://dods.mbari.org/data/auvctd/surveys/2010/mat/Dorado389_2010_300_00_300_00_gridded.mat", "uuid": "8a38e75c71274858be8ab982c69fc5cb", "value": null, "name": "mat_gridded"}}, {"pk": 12, "model": "stoqs.resource", "fields": {"resourcetype": 5, "uristring": null, "uuid": "2ab826e0c12648518f380ff32aa663ff", "value": "AUVCTD", "name": "campaign"}}, {"pk": 13, "model": "stoqs.resource", "fields": {"resourcetype": 5, "uristring": null, "uuid": "06a1cc20eae04548af45e420834c8b4c", "value": "Trajectory", "name": "thredds_data_type"}}, {"pk": 14, "model": "stoqs.resource", "fields": {"resourcetype": 5, "uristring": null, "uuid": "ed8305fc3bbc499bafa3024465b4c32b", "value": "CF-1.0", "name": "Convention"}}, {"pk": 15, "model": "stoqs.resource", "fields": {"resourcetype": 5, "uristring": null, "uuid": "3864aed8abb245f1927045bf66c755e5", "value": "ocean; CTD; temperature; salinity; oxygen; nitrate; optical backscatter; fluorescence; chlorophyll; bioluminesence; AUV; Autonomous Under Water Vehicle;", "name": "keywords"}}, {"pk": 16, "model": "stoqs.resource", "fields": {"resourcetype": 5, "uristring": null, "uuid": "aeb66436b9874fb7bb038dc3025da0a1", "value": "Dorado389_2010_300_00_300_00", "name": "id"}}, {"pk": 17, "model": "stoqs.resource", "fields": {"resourcetype": 5, "uristring": null, "uuid": "651a8aa2f9d24a559ad7a96cdf9139c2", "value": "org.mbari.ssds.DataContainer.Name", "name": "naming_authority"}}, {"pk": 18, "model": "stoqs.resource", "fields": {"resourcetype": 5, "uristring": null, "uuid": "e9063503cb444836bed42517785d5820", "value": "36.9357", "name": "geospatial_lat_max"}}, {"pk": 19, "model": "stoqs.resource", "fields": {"resourcetype": 5, "uristring": null, "uuid": "80eca09882d543c687e187d72a7a5398", "value": "62.5731", "name": "geospatial_vertical_max"}}, {"pk": 20, "model": "stoqs.resource", "fields": {"resourcetype": 5, "uristring": null, "uuid": "6067e3b4be864a73a1bd4c28c35d061e", "value": "AUV survey data with decimation and interpolation to 2 second intervals.", "name": "title"}}, {"pk": 21, "model": "stoqs.resource", "fields": {"resourcetype": 5, "uristring": null, "uuid": "8c3d472467c94a2a8d68c186f84681a3", "value": "CF-1.0", "name": "standard_name_vocabulary"}}, {"pk": 22, "model": "stoqs.resource", "fields": {"resourcetype": 5, "uristring": null, "uuid": "0bfee904d46e486a91cb0449bd566fd3", "value": "Dorado389_2010_300_00_300_00", "name": "survey_name"}}, {"pk": 23, "model": "stoqs.resource", "fields": {"resourcetype": 5, "uristring": null, "uuid": "a0956d1747214efca97a11c1c1d01ff8", "value": "GCMD", "name": "keywords_vocabulary"}}, {"pk": 24, "model": "stoqs.resource", "fields": {"resourcetype": 5, "uristring": null, "uuid": "8b796721e2be43bab7f2771dcec18aea", "value": "36.8559", "name": "geospatial_lat_min"}}, {"pk": 25, "model": "stoqs.resource", "fields": {"resourcetype": 5, "uristring": null, "uuid": "3dbb55183c95448ea2fbf2e851b40db3", "value": "2010-10-27T21:51:55Z", "name": "time_coverage_start"}}, {"pk": 26, "model": "stoqs.resource", "fields": {"resourcetype": 5, "uristring": null, "uuid": "db84ac96257a4c0a8cb279f09cfb4ab2", "value": "time", "name": "Unlimited_Dimension"}}, {"pk": 27, "model": "stoqs.resource", "fields": {"resourcetype": 5, "uristring": null, "uuid": "9693bc93cd0941d99e25a7d496ebea0b", "value": "-121.8991", "name": "geospatial_lon_max"}}, {"pk": 28, "model": "stoqs.resource", "fields": {"resourcetype": 5, "uristring": null, "uuid": "d8bd70afb43045979d6bcd0b4acdada3", "value": "-122.0381", "name": "geospatial_lon_min"}}, {"pk": 29, "model": "stoqs.resource", "fields": {"resourcetype": 5, "uristring": null, "uuid": "4c15445ca73643c59c8f4af2535c41d7", "value": "survey2netcdf_decim.m version 1.18", "name": "creator_name"}}, {"pk": 30, "model": "stoqs.resource", "fields": {"resourcetype": 5, "uristring": null, "uuid": "df8183b8c3704e99814cd05ddbdc0305", "value": "2010-10-28T15:51:57Z", "name": "time_coverage_end"}}, {"pk": 31, "model": "stoqs.resource", "fields": {"resourcetype": 5, "uristring": null, "uuid": "b0eeb1ca41be40f5824d7b68e2a0d3bf", "value": "Observational oceanographic data obtained from an Autonomous Underwater Vehicle survey.  Sensors record environmental parameters as the vehicle travels a programmed path through the water.  Those measurements have been processed by MBARI Matlab-based dorado science data processing toolbox into this data set.", "name": "summary"}}, {"pk": 32, "model": "stoqs.resource", "fields": {"resourcetype": 5, "uristring": null, "uuid": "f19a57e2641d4e829b35057265e67871", "value": "-1.3325", "name": "geospatial_vertical_min"}}, {"pk": 33, "model": "stoqs.resource", "fields": {"resourcetype": 5, "uristring": null, "uuid": "14a77a4c88ec42e694df9613e245c837", "value": "28-Oct-2010 14:14:27", "name": "date_created"}}, {"pk": 1, "model": "stoqs.activityresource", "fields": {"number": null, "resource": 1, "uuid": "7ee734d1b25d4a4abfb34458a5e28faf", "activity": 1}}, {"pk": 2, "model": "stoqs.activityresource", "fields": {"number": null, "resource": 2, "uuid": "58c47e93f03a4471814dabff7ea26e90", "activity": 1}}, {"pk": 3, "model": "stoqs.activityresource", "fields": {"number": null, "resource": 3, "uuid": "0ff562b149444c0398330130dc2de7a4", "activity": 1}}, {"pk": 4, "model": "stoqs.activityresource", "fields": {"number": null, "resource": 4, "uuid": "63df8333f7444349acd4a2a4bc2377e7", "activity": 1}}, {"pk": 5, "model": "stoqs.activityresource", "fields": {"number": null, "resource": 5, "uuid": "f2d3a9b828ad4ba59fb6ee4626c6526e", "activity": 1}}, {"pk": 6, "model": "stoqs.activityresource", "fields": {"number": null, "resource": 6, "uuid": "5ae93f2f0d974a80ba905f1c343a0b0f", "activity": 1}}, {"pk": 7, "model": "stoqs.activityresource", "fields": {"number": null, "resource": 7, "uuid": "4322ed7531994f9ca81af8e05958cbb9", "activity": 1}}, {"pk": 8, "model": "stoqs.activityresource", "fields": {"number": null, "resource": 8, "uuid": "209a6773870e4a3cb6b68537854bb8f6", "activity": 1}}, {"pk": 9, "model": "stoqs.activityresource", "fields": {"number": null, "resource": 9, "uuid": "60b113c6340140458b61dca5efe7611b", "activity": 1}}, {"pk": 10, "model": "stoqs.activityresource", "fields": {"number": null, "resource": 10, "uuid": "9fccbeb998be4b30b671cf39fb89f855", "activity": 1}}, {"pk": 11, "model": "stoqs.activityresource", "fields": {"number": null, "resource": 11, "uuid": "c71b995d163b4b02882fae2de31ab287", "activity": 1}}, {"pk": 12, "model": "stoqs.activityresource", "fields": {"number": null, "resource": 12, "uuid": "8383b8ddb2d744949c6ce7c4754c9742", "activity": 1}}, {"pk": 13, "model": "stoqs.activityresource", "fields": {"number": null, "resource": 13, "uuid": "73559f93cc0b42ce8df4f054cea0089a", "activity": 1}}, {"pk": 14, "model": "stoqs.activityresource", "fields": {"number": null, "resource": 14, "uuid": "23caeb50d93e4f6aaabe99755f7c3a25", "activity": 1}}, {"pk": 15, "model": "stoqs.activityresource", "fields": {"number": null, "resource": 15, "uuid": "8ed92a828a404ef6b0a1cf633f65e37f", "activity": 1}}, {"pk": 16, "model": "stoqs.activityresource", "fields": {"number": null, "resource": 16, "uuid": "d7f8bc61d8f74f0b9e412b52193682b1", "activity": 1}}, {"pk": 17, "model": "stoqs.activityresource", "fields": {"number": null, "resource": 17, "uuid": "5958f71722854677b808fcff360adbee", "activity": 1}}, {"pk": 18, "model": "stoqs.activityresource", "fields": {"number": null, "resource": 18, "uuid": "51f2945694534f6cb2e0d364772f82e6", "activity": 1}}, {"pk": 19, "model": "stoqs.activityresource", "fields": {"number": null, "resource": 19, "uuid": "ede05edd281e4b73b6e2492a2e495e3f", "activity": 1}}, {"pk": 20, "model": "stoqs.activityresource", "fields": {"number": null, "resource": 20, "uuid": "14507c3631f64bd7b0adc37946c6566d", "activity": 1}}, {"pk": 21, "model": "stoqs.activityresource", "fields": {"number": null, "resource": 21, "uuid": "743375e0e5314cf4a629d70379db886c", "activity": 1}}, {"pk": 22, "model": "stoqs.activityresource", "fields": {"number": null, "resource": 22, "uuid": "eaf6980411c34acc875c0e3d30e0cf6c", "activity": 1}}, {"pk": 23, "model": "stoqs.activityresource", "fields": {"number": null, "resource": 23, "uuid": "5ce89e5d5bdd4574b2c0474ef2738244", "activity": 1}}, {"pk": 24, "model": "stoqs.activityresource", "fields": {"number": null, "resource": 24, "uuid": "99fa2e57b45f4662a3db0f692058b926", "activity": 1}}, {"pk": 25, "model": "stoqs.activityresource", "fields": {"number": null, "resource": 25, "uuid": "c9b77633be42496db12f502a61652802", "activity": 1}}, {"pk": 26, "model": "stoqs.activityresource", "fields": {"number": null, "resource": 26, "uuid": "f158667fa3f6451b936bf6811c96304b", "activity": 1}}, {"pk": 27, "model": "stoqs.activityresource", "fields": {"number": null, "resource": 27, "uuid": "cc70b6bbb21e4f64a3719e223c452d1b", "activity": 1}}, {"pk": 28, "model": "stoqs.activityresource", "fields": {"number": null, "resource": 28, "uuid": "5c95604f73a74789a692b4fcbe9237f9", "activity": 1}}, {"pk": 29, "model": "stoqs.activityresource", "fields": {"number": null, "resource": 29, "uuid": "efcfb4ee356a4344908bf3b57714ca77", "activity": 1}}, {"pk": 30, "model": "stoqs.activityresource", "fields": {"number": null, "resource": 30, "uuid": "bd1ba705dc7e485dadd0d2b35e3ee9bd", "activity": 1}}, {"pk": 31, "model": "stoqs.activityresource", "fields": {"number": null, "resource": 31, "uuid": "8988c98ebf78484aabba0aa2db8080ec", "activity": 1}}, {"pk": 32, "model": "stoqs.activityresource", "fields": {"number": null, "resource": 32, "uuid": "dc7e68d05796469a8fdaccd6c2a6b1fa", "activity": 1}}, {"pk": 33, "model": "stoqs.activityresource", "fields": {"number": null, "resource": 33, "uuid": "19788b6227d3402eaaab0e40b9a6df8c", "activity": 1}}, {"pk": 1, "model": "stoqs.measurement", "fields": {"depth": "0.494759611304423200000000000000", "instantpoint": 1, "geom": "POINT (-121.9010332164173178 36.8715857317041156)"}}, {"pk": 2, "model": "stoqs.measurement", "fields": {"depth": "21.817429936923052000000000000000", "instantpoint": 2, "geom": "POINT (-121.9003898223888172 36.8797550119317137)"}}, {"pk": 3, "model": "stoqs.measurement", "fields": {"depth": "-0.850708076308610010000000000000", "instantpoint": 3, "geom": "POINT (-121.9004214797457308 36.8936691591696615)"}}, {"pk": 4, "model": "stoqs.measurement", "fields": {"depth": "2.889780473591930100000000000000", "instantpoint": 4, "geom": "POINT (-121.9004942008906767 36.9075712105034341)"}}, {"pk": 5, "model": "stoqs.measurement", "fields": {"depth": "8.121258329901346300000000000000", "instantpoint": 5, "geom": "POINT (-121.9007230819622833 36.9203322697613885)"}}, {"pk": 6, "model": "stoqs.measurement", "fields": {"depth": "4.131249623967755200000000000000", "instantpoint": 6, "geom": "POINT (-121.9007776841559831 36.9341965158768915)"}}, {"pk": 7, "model": "stoqs.measurement", "fields": {"depth": "5.941884357279428200000000000000", "instantpoint": 7, "geom": "POINT (-121.9092854767427809 36.9331555238979590)"}}, {"pk": 8, "model": "stoqs.measurement", "fields": {"depth": "9.133772291955475400000000000000", "instantpoint": 8, "geom": "POINT (-121.9265213949736193 36.9304714568906221)"}}, {"pk": 9, "model": "stoqs.measurement", "fields": {"depth": "9.404555970118483500000000000000", "instantpoint": 9, "geom": "POINT (-121.9255776841829118 36.9187742773004288)"}}, {"pk": 10, "model": "stoqs.measurement", "fields": {"depth": "11.152501589327093000000000000000", "instantpoint": 10, "geom": "POINT (-121.9240349299770401 36.9066461892271818)"}}, {"pk": 11, "model": "stoqs.measurement", "fields": {"depth": "19.289652902115481000000000000000", "instantpoint": 11, "geom": "POINT (-121.9226731742071337 36.8933844501589263)"}}, {"pk": 12, "model": "stoqs.measurement", "fields": {"depth": "4.186704097392047100000000000000", "instantpoint": 12, "geom": "POINT (-121.9225791961517018 36.8819335827901611)"}}, {"pk": 13, "model": "stoqs.measurement", "fields": {"depth": "18.769871649832783000000000000000", "instantpoint": 13, "geom": "POINT (-121.9231955272203862 36.8727821112297747)"}}, {"pk": 14, "model": "stoqs.measurement", "fields": {"depth": "29.840833942085279000000000000000", "instantpoint": 14, "geom": "POINT (-121.9345214859750399 36.8680135972655521)"}}, {"pk": 15, "model": "stoqs.measurement", "fields": {"depth": "25.883075311932053000000000000000", "instantpoint": 15, "geom": "POINT (-121.9519100623544716 36.8657082298784715)"}}, {"pk": 16, "model": "stoqs.measurement", "fields": {"depth": "24.794737303404148000000000000000", "instantpoint": 16, "geom": "POINT (-121.9539616132498452 36.8688680653187504)"}}, {"pk": 17, "model": "stoqs.measurement", "fields": {"depth": "9.183446442596780600000000000000", "instantpoint": 17, "geom": "POINT (-121.9548665681687822 36.8819479250313478)"}}, {"pk": 18, "model": "stoqs.measurement", "fields": {"depth": "18.904522581193394000000000000000", "instantpoint": 18, "geom": "POINT (-121.9549351262929235 36.8918341851839457)"}}, {"pk": 19, "model": "stoqs.measurement", "fields": {"depth": "6.924607625918318000000000000000", "instantpoint": 19, "geom": "POINT (-121.9552433919651122 36.9029540892000369)"}}, {"pk": 20, "model": "stoqs.measurement", "fields": {"depth": "21.836835701280847000000000000000", "instantpoint": 20, "geom": "POINT (-121.9557845631094750 36.9174542276201976)"}}, {"pk": 21, "model": "stoqs.measurement", "fields": {"depth": "2.951634059720472900000000000000", "instantpoint": 21, "geom": "POINT (-121.9555577974561089 36.9306476685078380)"}}, {"pk": 22, "model": "stoqs.measurement", "fields": {"depth": "17.136347667625959000000000000000", "instantpoint": 22, "geom": "POINT (-121.9648806855096410 36.9337372514763373)"}}, {"pk": 23, "model": "stoqs.measurement", "fields": {"depth": "16.392602031135638000000000000000", "instantpoint": 23, "geom": "POINT (-121.9816552606456241 36.9303736927277768)"}}, {"pk": 24, "model": "stoqs.measurement", "fields": {"depth": "9.488228014101823100000000000000", "instantpoint": 24, "geom": "POINT (-121.9802427743959043 36.9194229565646665)"}}, {"pk": 25, "model": "stoqs.measurement", "fields": {"depth": "10.970222365509331000000000000000", "instantpoint": 25, "geom": "POINT (-121.9787628911704047 36.9064433657843622)"}}, {"pk": 26, "model": "stoqs.measurement", "fields": {"depth": "19.477768086021271000000000000000", "instantpoint": 26, "geom": "POINT (-121.9783593080003783 36.9018630654041999)"}}, {"pk": 27, "model": "stoqs.measurement", "fields": {"depth": "22.162189362394415000000000000000", "instantpoint": 27, "geom": "POINT (-121.9782300886123920 36.8903582232524485)"}}, {"pk": 28, "model": "stoqs.measurement", "fields": {"depth": "20.721586441531109000000000000000", "instantpoint": 28, "geom": "POINT (-121.9778504067669189 36.8773123667338254)"}}, {"pk": 29, "model": "stoqs.measurement", "fields": {"depth": "-0.989885322298695410000000000000", "instantpoint": 29, "geom": "POINT (-121.9808667665386821 36.8690687084715591)"}}, {"pk": 30, "model": "stoqs.measurement", "fields": {"depth": "41.008401195111517000000000000000", "instantpoint": 30, "geom": "POINT (-121.9962398199767648 36.8671029267336010)"}}, {"pk": 31, "model": "stoqs.measurement", "fields": {"depth": "-0.893529074179115870000000000000", "instantpoint": 31, "geom": "POINT (-122.0086718919535542 36.8649084841382972)"}}, {"pk": 32, "model": "stoqs.measurement", "fields": {"depth": "35.670434444388214000000000000000", "instantpoint": 32, "geom": "POINT (-122.0097567355742711 36.8773916141845959)"}}, {"pk": 33, "model": "stoqs.measurement", "fields": {"depth": "33.683181290238871000000000000000", "instantpoint": 33, "geom": "POINT (-122.0103937576415944 36.8896936556643240)"}}, {"pk": 34, "model": "stoqs.measurement", "fields": {"depth": "20.833346074308732000000000000000", "instantpoint": 34, "geom": "POINT (-122.0111153381557045 36.9037502576329288)"}}, {"pk": 35, "model": "stoqs.measurement", "fields": {"depth": "7.313635376067007400000000000000", "instantpoint": 35, "geom": "POINT (-122.0110481495723604 36.9167704013306377)"}}, {"pk": 36, "model": "stoqs.measurement", "fields": {"depth": "21.930063000853224000000000000000", "instantpoint": 36, "geom": "POINT (-122.0110234655163879 36.9284845574464953)"}}, {"pk": 37, "model": "stoqs.measurement", "fields": {"depth": "6.046865796404493800000000000000", "instantpoint": 37, "geom": "POINT (-122.0175040149972574 36.9336764190645184)"}}, {"pk": 38, "model": "stoqs.measurement", "fields": {"depth": "18.095435379925497000000000000000", "instantpoint": 38, "geom": "POINT (-122.0340972300354423 36.9307831514729727)"}}, {"pk": 39, "model": "stoqs.measurement", "fields": {"depth": "15.121709491695119000000000000000", "instantpoint": 39, "geom": "POINT (-122.0359035782328903 36.9201545604911416)"}}, {"pk": 40, "model": "stoqs.measurement", "fields": {"depth": "28.366439476947811000000000000000", "instantpoint": 40, "geom": "POINT (-122.0339967592177004 36.9084593843028657)"}}, {"pk": 41, "model": "stoqs.measurement", "fields": {"depth": "28.725017506479535000000000000000", "instantpoint": 41, "geom": "POINT (-122.0320095441281296 36.8938762345385527)"}}, {"pk": 42, "model": "stoqs.measurement", "fields": {"depth": "24.100792776285378000000000000000", "instantpoint": 42, "geom": "POINT (-122.0315501268239444 36.8798856476000054)"}}, {"pk": 43, "model": "stoqs.measurement", "fields": {"depth": "11.438352296426819000000000000000", "instantpoint": 43, "geom": "POINT (-122.0321363896153315 36.8662906745471446)"}}, {"pk": 44, "model": "stoqs.measurement", "fields": {"depth": "16.552464127764605000000000000000", "instantpoint": 44, "geom": "POINT (-122.0308017350677403 36.8676549947420327)"}}, {"pk": 45, "model": "stoqs.measurement", "fields": {"depth": "16.453621887191460000000000000000", "instantpoint": 45, "geom": "POINT (-122.0123621605435744 36.8641815296020212)"}}, {"pk": 46, "model": "stoqs.measurement", "fields": {"depth": "27.959311312833854000000000000000", "instantpoint": 46, "geom": "POINT (-121.9958606927255289 36.8614662229841912)"}}, {"pk": 47, "model": "stoqs.measurement", "fields": {"depth": "3.026277121821410600000000000000", "instantpoint": 47, "geom": "POINT (-121.9838993592654646 36.8584402989893292)"}}, {"pk": 48, "model": "stoqs.measurement", "fields": {"depth": "33.003391967848259000000000000000", "instantpoint": 48, "geom": "POINT (-121.9656805055905977 36.8573112784605641)"}}, {"pk": 49, "model": "stoqs.measurement", "fields": {"depth": "47.025451609765938000000000000000", "instantpoint": 49, "geom": "POINT (-121.9500507501863638 36.8562545323659805)"}}, {"pk": 50, "model": "stoqs.measurement", "fields": {"depth": "22.976044953383052000000000000000", "instantpoint": 50, "geom": "POINT (-121.9346335648316995 36.8566091842856665)"}}, {"pk": 1, "model": "stoqs.activityparameter", "fields": {"number": 49, "parameter": 6, "uuid": "35e90f996d854ce3bd38de6d95386a17", "activity": 1}}, {"pk": 2, "model": "stoqs.activityparameter", "fields": {"number": 50, "parameter": 3, "uuid": "9c70c50cd4eb4fd38122d4ca8950f268", "activity": 1}}, {"pk": 3, "model": "stoqs.activityparameter", "fields": {"number": 50, "parameter": 4, "uuid": "48769bf3daec49cb98a5fd137f33621d", "activity": 1}}, {"pk": 4, "model": "stoqs.activityparameter", "fields": {"number": 50, "parameter": 9, "uuid": "83a6d40a93264f0a8518f99d1fe079dc", "activity": 1}}, {"pk": 5, "model": "stoqs.activityparameter", "fields": {"number": 50, "parameter": 8, "uuid": "aab2cfdfd4de4d858bcedd982e0343f0", "activity": 1}}, {"pk": 6, "model": "stoqs.activityparameter", "fields": {"number": 50, "parameter": 5, "uuid": "af0795eacbb64c149d930ed762bc534b", "activity": 1}}, {"pk": 7, "model": "stoqs.activityparameter", "fields": {"number": 50, "parameter": 1, "uuid": "d16e87651abe44eaa77e7e39943b9727", "activity": 1}}, {"pk": 8, "model": "stoqs.activityparameter", "fields": {"number": 50, "parameter": 10, "uuid": "3c49e06365d241f58f3ea5900d252a19", "activity": 1}}, {"pk": 9, "model": "stoqs.activityparameter", "fields": {"number": 49, "parameter": 7, "uuid": "4da596f2ce0e4f4fa20ad03a519568c2", "activity": 1}}, {"pk": 10, "model": "stoqs.activityparameter", "fields": {"number": 50, "parameter": 2, "uuid": "398255eb81604eef9699b0179e42d81d", "activity": 1}}, {"pk": 1, "model": "stoqs.measuredparameter", "fields": {"datavalue": "0.005010253639540000000000000000", "parameter": 6, "measurement": 1}}, {"pk": 2, "model": "stoqs.measuredparameter", "fields": {"datavalue": "14.054615222400000000000000000000", "parameter": 3, "measurement": 1}}, {"pk": 3, "model": "stoqs.measuredparameter", "fields": {"datavalue": "5.182283029880000000000000000000", "parameter": 4, "measurement": 1}}, {"pk": 4, "model": "stoqs.measuredparameter", "fields": {"datavalue": "33.525753638300000000000000000000", "parameter": 9, "measurement": 1}}, {"pk": 5, "model": "stoqs.measuredparameter", "fields": {"datavalue": "0E-30", "parameter": 5, "measurement": 1}}, {"pk": 6, "model": "stoqs.measuredparameter", "fields": {"datavalue": "0.000359536159807000000000000000", "parameter": 8, "measurement": 1}}, {"pk": 7, "model": "stoqs.measuredparameter", "fields": {"datavalue": "25.038805625200000000000000000000", "parameter": 1, "measurement": 1}}, {"pk": 8, "model": "stoqs.measuredparameter", "fields": {"datavalue": "6161927216.740000000000000000000000000000", "parameter": 10, "measurement": 1}}, {"pk": 9, "model": "stoqs.measuredparameter", "fields": {"datavalue": "0.004242886489990000000000000000", "parameter": 7, "measurement": 1}}, {"pk": 10, "model": "stoqs.measuredparameter", "fields": {"datavalue": "1.237918951830000000000000000000", "parameter": 2, "measurement": 1}}, {"pk": 11, "model": "stoqs.measuredparameter", "fields": {"datavalue": "0.007566206859280000000000000000", "parameter": 6, "measurement": 2}}, {"pk": 12, "model": "stoqs.measuredparameter", "fields": {"datavalue": "13.504353265000000000000000000000", "parameter": 3, "measurement": 2}}, {"pk": 13, "model": "stoqs.measuredparameter", "fields": {"datavalue": "5.692178333310000000000000000000", "parameter": 4, "measurement": 2}}, {"pk": 14, "model": "stoqs.measuredparameter", "fields": {"datavalue": "33.521120639000000000000000000000", "parameter": 9, "measurement": 2}}, {"pk": 15, "model": "stoqs.measuredparameter", "fields": {"datavalue": "6.310000000000000000000000000000", "parameter": 5, "measurement": 2}}, {"pk": 16, "model": "stoqs.measuredparameter", "fields": {"datavalue": "0.000712994252997000000000000000", "parameter": 8, "measurement": 2}}, {"pk": 17, "model": "stoqs.measuredparameter", "fields": {"datavalue": "25.244457743000000000000000000000", "parameter": 1, "measurement": 2}}, {"pk": 18, "model": "stoqs.measuredparameter", "fields": {"datavalue": "261795608.468000000000000000000000000000", "parameter": 10, "measurement": 2}}, {"pk": 19, "model": "stoqs.measuredparameter", "fields": {"datavalue": "0.005844854345770000000000000000", "parameter": 7, "measurement": 2}}, {"pk": 20, "model": "stoqs.measuredparameter", "fields": {"datavalue": "2.454910512490000000000000000000", "parameter": 2, "measurement": 2}}, {"pk": 21, "model": "stoqs.measuredparameter", "fields": {"datavalue": "0.015037313921000000000000000000", "parameter": 6, "measurement": 3}}, {"pk": 22, "model": "stoqs.measuredparameter", "fields": {"datavalue": "14.409001564900000000000000000000", "parameter": 3, "measurement": 3}}, {"pk": 23, "model": "stoqs.measuredparameter", "fields": {"datavalue": "6.376481007630000000000000000000", "parameter": 4, "measurement": 3}}, {"pk": 24, "model": "stoqs.measuredparameter", "fields": {"datavalue": "33.522447794500000000000000000000", "parameter": 9, "measurement": 3}}, {"pk": 25, "model": "stoqs.measuredparameter", "fields": {"datavalue": "4.870000000000000000000000000000", "parameter": 5, "measurement": 3}}, {"pk": 26, "model": "stoqs.measuredparameter", "fields": {"datavalue": "0.000853291921997000000000000000", "parameter": 8, "measurement": 3}}, {"pk": 27, "model": "stoqs.measuredparameter", "fields": {"datavalue": "24.955816456400000000000000000000", "parameter": 1, "measurement": 3}}, {"pk": 28, "model": "stoqs.measuredparameter", "fields": {"datavalue": "1893520196.030000000000000000000000000000", "parameter": 10, "measurement": 3}}, {"pk": 29, "model": "stoqs.measuredparameter", "fields": {"datavalue": "0.011585096329700000000000000000", "parameter": 7, "measurement": 3}}, {"pk": 30, "model": "stoqs.measuredparameter", "fields": {"datavalue": "2.937969416630000000000000000000", "parameter": 2, "measurement": 3}}, {"pk": 31, "model": "stoqs.measuredparameter", "fields": {"datavalue": "0.018441864311900000000000000000", "parameter": 6, "measurement": 4}}, {"pk": 32, "model": "stoqs.measuredparameter", "fields": {"datavalue": "14.061399152000000000000000000000", "parameter": 3, "measurement": 4}}, {"pk": 33, "model": "stoqs.measuredparameter", "fields": {"datavalue": "6.536669649150000000000000000000", "parameter": 4, "measurement": 4}}, {"pk": 34, "model": "stoqs.measuredparameter", "fields": {"datavalue": "33.528896324600000000000000000000", "parameter": 9, "measurement": 4}}, {"pk": 35, "model": "stoqs.measuredparameter", "fields": {"datavalue": "3.140000000000000000000000000000", "parameter": 5, "measurement": 4}}, {"pk": 36, "model": "stoqs.measuredparameter", "fields": {"datavalue": "0.001788781671960000000000000000", "parameter": 8, "measurement": 4}}, {"pk": 37, "model": "stoqs.measuredparameter", "fields": {"datavalue": "25.050590986400000000000000000000", "parameter": 1, "measurement": 4}}, {"pk": 38, "model": "stoqs.measuredparameter", "fields": {"datavalue": "2812770641.220000000000000000000000000000", "parameter": 10, "measurement": 4}}, {"pk": 39, "model": "stoqs.measuredparameter", "fields": {"datavalue": "0.014723128009400000000000000000", "parameter": 7, "measurement": 4}}, {"pk": 40, "model": "stoqs.measuredparameter", "fields": {"datavalue": "6.158954174740000000000000000000", "parameter": 2, "measurement": 4}}, {"pk": 41, "model": "stoqs.measuredparameter", "fields": {"datavalue": "0.010491582221200000000000000000", "parameter": 6, "measurement": 5}}, {"pk": 42, "model": "stoqs.measuredparameter", "fields": {"datavalue": "13.745958462100000000000000000000", "parameter": 3, "measurement": 5}}, {"pk": 43, "model": "stoqs.measuredparameter", "fields": {"datavalue": "6.314739573680000000000000000000", "parameter": 4, "measurement": 5}}, {"pk": 44, "model": "stoqs.measuredparameter", "fields": {"datavalue": "33.525154576500000000000000000000", "parameter": 9, "measurement": 5}}, {"pk": 45, "model": "stoqs.measuredparameter", "fields": {"datavalue": "3.730000000000000000000000000000", "parameter": 5, "measurement": 5}}, {"pk": 46, "model": "stoqs.measuredparameter", "fields": {"datavalue": "0.001452928377730000000000000000", "parameter": 8, "measurement": 5}}, {"pk": 47, "model": "stoqs.measuredparameter", "fields": {"datavalue": "25.136507215900000000000000000000", "parameter": 1, "measurement": 5}}, {"pk": 48, "model": "stoqs.measuredparameter", "fields": {"datavalue": "3465171049.730000000000000000000000000000", "parameter": 10, "measurement": 5}}, {"pk": 49, "model": "stoqs.measuredparameter", "fields": {"datavalue": "0.008407677407590000000000000000", "parameter": 7, "measurement": 5}}, {"pk": 50, "model": "stoqs.measuredparameter", "fields": {"datavalue": "5.002577697360000000000000000000", "parameter": 2, "measurement": 5}}, {"pk": 51, "model": "stoqs.measuredparameter", "fields": {"datavalue": "0.007306762102870000000000000000", "parameter": 6, "measurement": 6}}, {"pk": 52, "model": "stoqs.measuredparameter", "fields": {"datavalue": "13.738186162900000000000000000000", "parameter": 3, "measurement": 6}}, {"pk": 53, "model": "stoqs.measuredparameter", "fields": {"datavalue": "6.603795218660000000000000000000", "parameter": 4, "measurement": 6}}, {"pk": 54, "model": "stoqs.measuredparameter", "fields": {"datavalue": "33.527325508800000000000000000000", "parameter": 9, "measurement": 6}}, {"pk": 55, "model": "stoqs.measuredparameter", "fields": {"datavalue": "3.800000000000000000000000000000", "parameter": 5, "measurement": 6}}, {"pk": 56, "model": "stoqs.measuredparameter", "fields": {"datavalue": "0.001347109231600000000000000000", "parameter": 8, "measurement": 6}}, {"pk": 57, "model": "stoqs.measuredparameter", "fields": {"datavalue": "25.121817154000000000000000000000", "parameter": 1, "measurement": 6}}, {"pk": 58, "model": "stoqs.measuredparameter", "fields": {"datavalue": "2344323274.280000000000000000000000000000", "parameter": 10, "measurement": 6}}, {"pk": 59, "model": "stoqs.measuredparameter", "fields": {"datavalue": "0.006287685007730000000000000000", "parameter": 7, "measurement": 6}}, {"pk": 60, "model": "stoqs.measuredparameter", "fields": {"datavalue": "4.638231795310000000000000000000", "parameter": 2, "measurement": 6}}, {"pk": 61, "model": "stoqs.measuredparameter", "fields": {"datavalue": "0.007962952239720000000000000000", "parameter": 6, "measurement": 7}}, {"pk": 62, "model": "stoqs.measuredparameter", "fields": {"datavalue": "13.703334996400000000000000000000", "parameter": 3, "measurement": 7}}, {"pk": 63, "model": "stoqs.measuredparameter", "fields": {"datavalue": "6.253373439790000000000000000000", "parameter": 4, "measurement": 7}}, {"pk": 64, "model": "stoqs.measuredparameter", "fields": {"datavalue": "33.520361585300000000000000000000", "parameter": 9, "measurement": 7}}, {"pk": 65, "model": "stoqs.measuredparameter", "fields": {"datavalue": "4.870000000000000000000000000000", "parameter": 5, "measurement": 7}}, {"pk": 66, "model": "stoqs.measuredparameter", "fields": {"datavalue": "0.001302402242030000000000000000", "parameter": 8, "measurement": 7}}, {"pk": 67, "model": "stoqs.measuredparameter", "fields": {"datavalue": "25.131737238600000000000000000000", "parameter": 1, "measurement": 7}}, {"pk": 68, "model": "stoqs.measuredparameter", "fields": {"datavalue": "1287470342.090000000000000000000000000000", "parameter": 10, "measurement": 7}}, {"pk": 69, "model": "stoqs.measuredparameter", "fields": {"datavalue": "0.006373226850830000000000000000", "parameter": 7, "measurement": 7}}, {"pk": 70, "model": "stoqs.measuredparameter", "fields": {"datavalue": "4.484301159520000000000000000000", "parameter": 2, "measurement": 7}}, {"pk": 71, "model": "stoqs.measuredparameter", "fields": {"datavalue": "0.007442344944330000000000000000", "parameter": 6, "measurement": 8}}, {"pk": 72, "model": "stoqs.measuredparameter", "fields": {"datavalue": "13.567941484400000000000000000000", "parameter": 3, "measurement": 8}}, {"pk": 73, "model": "stoqs.measuredparameter", "fields": {"datavalue": "5.988841131440000000000000000000", "parameter": 4, "measurement": 8}}, {"pk": 74, "model": "stoqs.measuredparameter", "fields": {"datavalue": "33.521214313300000000000000000000", "parameter": 9, "measurement": 8}}, {"pk": 75, "model": "stoqs.measuredparameter", "fields": {"datavalue": "5.360000000000000000000000000000", "parameter": 5, "measurement": 8}}, {"pk": 76, "model": "stoqs.measuredparameter", "fields": {"datavalue": "0.000934323155354000000000000000", "parameter": 8, "measurement": 8}}, {"pk": 77, "model": "stoqs.measuredparameter", "fields": {"datavalue": "25.174444731500000000000000000000", "parameter": 1, "measurement": 8}}, {"pk": 78, "model": "stoqs.measuredparameter", "fields": {"datavalue": "1775768056.030000000000000000000000000000", "parameter": 10, "measurement": 8}}, {"pk": 79, "model": "stoqs.measuredparameter", "fields": {"datavalue": "0.005975934664600000000000000000", "parameter": 7, "measurement": 8}}, {"pk": 80, "model": "stoqs.measuredparameter", "fields": {"datavalue": "3.216968056200000000000000000000", "parameter": 2, "measurement": 8}}, {"pk": 81, "model": "stoqs.measuredparameter", "fields": {"datavalue": "0.006677013417180000000000000000", "parameter": 6, "measurement": 9}}, {"pk": 82, "model": "stoqs.measuredparameter", "fields": {"datavalue": "13.488788415100000000000000000000", "parameter": 3, "measurement": 9}}, {"pk": 83, "model": "stoqs.measuredparameter", "fields": {"datavalue": "5.619046190380000000000000000000", "parameter": 4, "measurement": 9}}, {"pk": 84, "model": "stoqs.measuredparameter", "fields": {"datavalue": "33.522832593300000000000000000000", "parameter": 9, "measurement": 9}}, {"pk": 85, "model": "stoqs.measuredparameter", "fields": {"datavalue": "6.320000000000000000000000000000", "parameter": 5, "measurement": 9}}, {"pk": 86, "model": "stoqs.measuredparameter", "fields": {"datavalue": "0.000662330206691000000000000000", "parameter": 8, "measurement": 9}}, {"pk": 87, "model": "stoqs.measuredparameter", "fields": {"datavalue": "25.193014976300000000000000000000", "parameter": 1, "measurement": 9}}, {"pk": 88, "model": "stoqs.measuredparameter", "fields": {"datavalue": "581083985.697000000000000000000000000000", "parameter": 10, "measurement": 9}}, {"pk": 89, "model": "stoqs.measuredparameter", "fields": {"datavalue": "0.005097111584130000000000000000", "parameter": 7, "measurement": 9}}, {"pk": 90, "model": "stoqs.measuredparameter", "fields": {"datavalue": "2.280469134660000000000000000000", "parameter": 2, "measurement": 9}}, {"pk": 91, "model": "stoqs.measuredparameter", "fields": {"datavalue": "0.010763675342600000000000000000", "parameter": 6, "measurement": 10}}, {"pk": 92, "model": "stoqs.measuredparameter", "fields": {"datavalue": "13.654389349400000000000000000000", "parameter": 3, "measurement": 10}}, {"pk": 93, "model": "stoqs.measuredparameter", "fields": {"datavalue": "6.045993722500000000000000000000", "parameter": 4, "measurement": 10}}, {"pk": 94, "model": "stoqs.measuredparameter", "fields": {"datavalue": "33.529919135800000000000000000000", "parameter": 9, "measurement": 10}}, {"pk": 95, "model": "stoqs.measuredparameter", "fields": {"datavalue": "5.670000000000000000000000000000", "parameter": 5, "measurement": 10}}, {"pk": 96, "model": "stoqs.measuredparameter", "fields": {"datavalue": "0.001058256481540000000000000000", "parameter": 8, "measurement": 10}}, {"pk": 97, "model": "stoqs.measuredparameter", "fields": {"datavalue": "25.172614621300000000000000000000", "parameter": 1, "measurement": 10}}, {"pk": 98, "model": "stoqs.measuredparameter", "fields": {"datavalue": "4548702626.840000000000000000000000000000", "parameter": 10, "measurement": 10}}, {"pk": 99, "model": "stoqs.measuredparameter", "fields": {"datavalue": "0.008289601111220000000000000000", "parameter": 7, "measurement": 10}}, {"pk": 100, "model": "stoqs.measuredparameter", "fields": {"datavalue": "3.643682891590000000000000000000", "parameter": 2, "measurement": 10}}, {"pk": 101, "model": "stoqs.measuredparameter", "fields": {"datavalue": "0.009434141250360000000000000000", "parameter": 6, "measurement": 11}}, {"pk": 102, "model": "stoqs.measuredparameter", "fields": {"datavalue": "13.512079561400000000000000000000", "parameter": 3, "measurement": 11}}, {"pk": 103, "model": "stoqs.measuredparameter", "fields": {"datavalue": "5.707108069710000000000000000000", "parameter": 4, "measurement": 11}}, {"pk": 104, "model": "stoqs.measuredparameter", "fields": {"datavalue": "33.527992156300000000000000000000", "parameter": 9, "measurement": 11}}, {"pk": 105, "model": "stoqs.measuredparameter", "fields": {"datavalue": "6.520000000000000000000000000000", "parameter": 5, "measurement": 11}}, {"pk": 106, "model": "stoqs.measuredparameter", "fields": {"datavalue": "0.000722053282550000000000000000", "parameter": 8, "measurement": 11}}, {"pk": 107, "model": "stoqs.measuredparameter", "fields": {"datavalue": "25.236811710200000000000000000000", "parameter": 1, "measurement": 11}}, {"pk": 108, "model": "stoqs.measuredparameter", "fields": {"datavalue": "12942700372.500000000000000000000000000000", "parameter": 10, "measurement": 11}}, {"pk": 109, "model": "stoqs.measuredparameter", "fields": {"datavalue": "0.006783185265170000000000000000", "parameter": 7, "measurement": 11}}, {"pk": 110, "model": "stoqs.measuredparameter", "fields": {"datavalue": "2.486101657150000000000000000000", "parameter": 2, "measurement": 11}}, {"pk": 111, "model": "stoqs.measuredparameter", "fields": {"datavalue": "0.004510926168240000000000000000", "parameter": 6, "measurement": 12}}, {"pk": 112, "model": "stoqs.measuredparameter", "fields": {"datavalue": "13.610591338800000000000000000000", "parameter": 3, "measurement": 12}}, {"pk": 113, "model": "stoqs.measuredparameter", "fields": {"datavalue": "5.900537955190000000000000000000", "parameter": 4, "measurement": 12}}, {"pk": 114, "model": "stoqs.measuredparameter", "fields": {"datavalue": "33.533006199000000000000000000000", "parameter": 9, "measurement": 12}}, {"pk": 115, "model": "stoqs.measuredparameter", "fields": {"datavalue": "6.130000000000000000000000000000", "parameter": 5, "measurement": 12}}, {"pk": 116, "model": "stoqs.measuredparameter", "fields": {"datavalue": "0.000928333031590000000000000000", "parameter": 8, "measurement": 12}}, {"pk": 117, "model": "stoqs.measuredparameter", "fields": {"datavalue": "25.152578378600000000000000000000", "parameter": 1, "measurement": 12}}, {"pk": 118, "model": "stoqs.measuredparameter", "fields": {"datavalue": "25180014848.800000000000000000000000000000", "parameter": 10, "measurement": 12}}, {"pk": 119, "model": "stoqs.measuredparameter", "fields": {"datavalue": "0.004406263889150000000000000000", "parameter": 7, "measurement": 12}}, {"pk": 120, "model": "stoqs.measuredparameter", "fields": {"datavalue": "3.196343461070000000000000000000", "parameter": 2, "measurement": 12}}, {"pk": 121, "model": "stoqs.measuredparameter", "fields": {"datavalue": "0.002490230905780000000000000000", "parameter": 6, "measurement": 13}}, {"pk": 122, "model": "stoqs.measuredparameter", "fields": {"datavalue": "13.029122726000000000000000000000", "parameter": 3, "measurement": 13}}, {"pk": 123, "model": "stoqs.measuredparameter", "fields": {"datavalue": "5.383417163640000000000000000000", "parameter": 4, "measurement": 13}}, {"pk": 124, "model": "stoqs.measuredparameter", "fields": {"datavalue": "33.568904575000000000000000000000", "parameter": 9, "measurement": 13}}, {"pk": 125, "model": "stoqs.measuredparameter", "fields": {"datavalue": "8.310000000000000000000000000000", "parameter": 5, "measurement": 13}}, {"pk": 126, "model": "stoqs.measuredparameter", "fields": {"datavalue": "0.000351827439876000000000000000", "parameter": 8, "measurement": 13}}, {"pk": 127, "model": "stoqs.measuredparameter", "fields": {"datavalue": "25.363262021900000000000000000000", "parameter": 1, "measurement": 13}}, {"pk": 128, "model": "stoqs.measuredparameter", "fields": {"datavalue": "18419382679.900000000000000000000000000000", "parameter": 10, "measurement": 13}}, {"pk": 129, "model": "stoqs.measuredparameter", "fields": {"datavalue": "0.002153473773420000000000000000", "parameter": 7, "measurement": 13}}, {"pk": 130, "model": "stoqs.measuredparameter", "fields": {"datavalue": "1.211377058240000000000000000000", "parameter": 2, "measurement": 13}}, {"pk": 131, "model": "stoqs.measuredparameter", "fields": {"datavalue": "0.001991953775100000000000000000", "parameter": 6, "measurement": 14}}, {"pk": 132, "model": "stoqs.measuredparameter", "fields": {"datavalue": "12.406850933300000000000000000000", "parameter": 3, "measurement": 14}}, {"pk": 133, "model": "stoqs.measuredparameter", "fields": {"datavalue": "4.699345160170000000000000000000", "parameter": 4, "measurement": 14}}, {"pk": 134, "model": "stoqs.measuredparameter", "fields": {"datavalue": "33.596242101300000000000000000000", "parameter": 9, "measurement": 14}}, {"pk": 135, "model": "stoqs.measuredparameter", "fields": {"datavalue": "11.950000000000000000000000000000", "parameter": 5, "measurement": 14}}, {"pk": 136, "model": "stoqs.measuredparameter", "fields": {"datavalue": "0.000244959175983000000000000000", "parameter": 8, "measurement": 14}}, {"pk": 137, "model": "stoqs.measuredparameter", "fields": {"datavalue": "25.556400128400000000000000000000", "parameter": 1, "measurement": 14}}, {"pk": 138, "model": "stoqs.measuredparameter", "fields": {"datavalue": "15065351384.300000000000000000000000000000", "parameter": 10, "measurement": 14}}, {"pk": 139, "model": "stoqs.measuredparameter", "fields": {"datavalue": "0.001706530940330000000000000000", "parameter": 7, "measurement": 14}}, {"pk": 140, "model": "stoqs.measuredparameter", "fields": {"datavalue": "0.843418938828000000000000000000", "parameter": 2, "measurement": 14}}, {"pk": 141, "model": "stoqs.measuredparameter", "fields": {"datavalue": "0.004971865341410000000000000000", "parameter": 6, "measurement": 15}}, {"pk": 142, "model": "stoqs.measuredparameter", "fields": {"datavalue": "12.223265977000000000000000000000", "parameter": 3, "measurement": 15}}, {"pk": 143, "model": "stoqs.measuredparameter", "fields": {"datavalue": "4.531806473950000000000000000000", "parameter": 4, "measurement": 15}}, {"pk": 144, "model": "stoqs.measuredparameter", "fields": {"datavalue": "33.619124930600000000000000000000", "parameter": 9, "measurement": 15}}, {"pk": 145, "model": "stoqs.measuredparameter", "fields": {"datavalue": "13.040000000000000000000000000000", "parameter": 5, "measurement": 15}}, {"pk": 146, "model": "stoqs.measuredparameter", "fields": {"datavalue": "0.000231001200727000000000000000", "parameter": 8, "measurement": 15}}, {"pk": 147, "model": "stoqs.measuredparameter", "fields": {"datavalue": "25.591513799400000000000000000000", "parameter": 1, "measurement": 15}}, {"pk": 148, "model": "stoqs.measuredparameter", "fields": {"datavalue": "9325121832.150000000000000000000000000000", "parameter": 10, "measurement": 15}}, {"pk": 149, "model": "stoqs.measuredparameter", "fields": {"datavalue": "0.003738532261390000000000000000", "parameter": 7, "measurement": 15}}, {"pk": 150, "model": "stoqs.measuredparameter", "fields": {"datavalue": "0.795360234225000000000000000000", "parameter": 2, "measurement": 15}}, {"pk": 151, "model": "stoqs.measuredparameter", "fields": {"datavalue": "0.004659752154620000000000000000", "parameter": 6, "measurement": 16}}, {"pk": 152, "model": "stoqs.measuredparameter", "fields": {"datavalue": "12.455169853400000000000000000000", "parameter": 3, "measurement": 16}}, {"pk": 153, "model": "stoqs.measuredparameter", "fields": {"datavalue": "4.760787183280000000000000000000", "parameter": 4, "measurement": 16}}, {"pk": 154, "model": "stoqs.measuredparameter", "fields": {"datavalue": "34.123488709100000000000000000000", "parameter": 9, "measurement": 16}}, {"pk": 155, "model": "stoqs.measuredparameter", "fields": {"datavalue": "4.000000000000000000000000000000", "parameter": 5, "measurement": 16}}, {"pk": 156, "model": "stoqs.measuredparameter", "fields": {"datavalue": "0.000242439187464000000000000000", "parameter": 8, "measurement": 16}}, {"pk": 157, "model": "stoqs.measuredparameter", "fields": {"datavalue": "25.933070713600000000000000000000", "parameter": 1, "measurement": 16}}, {"pk": 158, "model": "stoqs.measuredparameter", "fields": {"datavalue": "9144190742.100000000000000000000000000000", "parameter": 10, "measurement": 16}}, {"pk": 159, "model": "stoqs.measuredparameter", "fields": {"datavalue": "0.003551000284100000000000000000", "parameter": 7, "measurement": 16}}, {"pk": 160, "model": "stoqs.measuredparameter", "fields": {"datavalue": "0.834742366358000000000000000000", "parameter": 2, "measurement": 16}}, {"pk": 161, "model": "stoqs.measuredparameter", "fields": {"datavalue": "0.004786793399980000000000000000", "parameter": 6, "measurement": 17}}, {"pk": 162, "model": "stoqs.measuredparameter", "fields": {"datavalue": "13.507283333100000000000000000000", "parameter": 3, "measurement": 17}}, {"pk": 163, "model": "stoqs.measuredparameter", "fields": {"datavalue": "4.909138994720000000000000000000", "parameter": 4, "measurement": 17}}, {"pk": 164, "model": "stoqs.measuredparameter", "fields": {"datavalue": "33.507199142500000000000000000000", "parameter": 9, "measurement": 17}}, {"pk": 165, "model": "stoqs.measuredparameter", "fields": {"datavalue": "7.450000000000000000000000000000", "parameter": 5, "measurement": 17}}, {"pk": 166, "model": "stoqs.measuredparameter", "fields": {"datavalue": "0.000845079474062000000000000000", "parameter": 8, "measurement": 17}}, {"pk": 167, "model": "stoqs.measuredparameter", "fields": {"datavalue": "25.176172421800000000000000000000", "parameter": 1, "measurement": 17}}, {"pk": 168, "model": "stoqs.measuredparameter", "fields": {"datavalue": "42841371443.800000000000000000000000000000", "parameter": 10, "measurement": 17}}, {"pk": 169, "model": "stoqs.measuredparameter", "fields": {"datavalue": "0.004433031152920000000000000000", "parameter": 7, "measurement": 17}}, {"pk": 170, "model": "stoqs.measuredparameter", "fields": {"datavalue": "2.909693137140000000000000000000", "parameter": 2, "measurement": 17}}, {"pk": 171, "model": "stoqs.measuredparameter", "fields": {"datavalue": "0.006028058953970000000000000000", "parameter": 6, "measurement": 18}}, {"pk": 172, "model": "stoqs.measuredparameter", "fields": {"datavalue": "13.479576251800000000000000000000", "parameter": 3, "measurement": 18}}, {"pk": 173, "model": "stoqs.measuredparameter", "fields": {"datavalue": "3.660038750740000000000000000000", "parameter": 4, "measurement": 18}}, {"pk": 174, "model": "stoqs.measuredparameter", "fields": {"datavalue": "33.534943398500000000000000000000", "parameter": 9, "measurement": 18}}, {"pk": 175, "model": "stoqs.measuredparameter", "fields": {"datavalue": "5.540000000000000000000000000000", "parameter": 5, "measurement": 18}}, {"pk": 176, "model": "stoqs.measuredparameter", "fields": {"datavalue": "0.000538460984760000000000000000", "parameter": 8, "measurement": 18}}, {"pk": 177, "model": "stoqs.measuredparameter", "fields": {"datavalue": "25.247058506100000000000000000000", "parameter": 1, "measurement": 18}}, {"pk": 178, "model": "stoqs.measuredparameter", "fields": {"datavalue": "19931260126.300000000000000000000000000000", "parameter": 10, "measurement": 18}}, {"pk": 179, "model": "stoqs.measuredparameter", "fields": {"datavalue": "0.004536605460550000000000000000", "parameter": 7, "measurement": 18}}, {"pk": 180, "model": "stoqs.measuredparameter", "fields": {"datavalue": "1.853975016630000000000000000000", "parameter": 2, "measurement": 18}}, {"pk": 181, "model": "stoqs.measuredparameter", "fields": {"datavalue": "0.005645436885830000000000000000", "parameter": 6, "measurement": 19}}, {"pk": 182, "model": "stoqs.measuredparameter", "fields": {"datavalue": "13.470419583300000000000000000000", "parameter": 3, "measurement": 19}}, {"pk": 183, "model": "stoqs.measuredparameter", "fields": {"datavalue": "3.724934065910000000000000000000", "parameter": 4, "measurement": 19}}, {"pk": 184, "model": "stoqs.measuredparameter", "fields": {"datavalue": "33.644939377000000000000000000000", "parameter": 9, "measurement": 19}}, {"pk": 185, "model": "stoqs.measuredparameter", "fields": {"datavalue": "5.250000000000000000000000000000", "parameter": 5, "measurement": 19}}, {"pk": 186, "model": "stoqs.measuredparameter", "fields": {"datavalue": "0.001052051329850000000000000000", "parameter": 8, "measurement": 19}}, {"pk": 187, "model": "stoqs.measuredparameter", "fields": {"datavalue": "25.280007545000000000000000000000", "parameter": 1, "measurement": 19}}, {"pk": 188, "model": "stoqs.measuredparameter", "fields": {"datavalue": "51792638847.300000000000000000000000000000", "parameter": 10, "measurement": 19}}, {"pk": 189, "model": "stoqs.measuredparameter", "fields": {"datavalue": "0.005343893589030000000000000000", "parameter": 7, "measurement": 19}}, {"pk": 190, "model": "stoqs.measuredparameter", "fields": {"datavalue": "3.622317933800000000000000000000", "parameter": 2, "measurement": 19}}, {"pk": 191, "model": "stoqs.measuredparameter", "fields": {"datavalue": "0.006232165090580000000000000000", "parameter": 6, "measurement": 20}}, {"pk": 192, "model": "stoqs.measuredparameter", "fields": {"datavalue": "13.524330546900000000000000000000", "parameter": 3, "measurement": 20}}, {"pk": 193, "model": "stoqs.measuredparameter", "fields": {"datavalue": "3.528731712630000000000000000000", "parameter": 4, "measurement": 20}}, {"pk": 194, "model": "stoqs.measuredparameter", "fields": {"datavalue": "33.526772564400000000000000000000", "parameter": 9, "measurement": 20}}, {"pk": 195, "model": "stoqs.measuredparameter", "fields": {"datavalue": "5.440000000000000000000000000000", "parameter": 5, "measurement": 20}}, {"pk": 196, "model": "stoqs.measuredparameter", "fields": {"datavalue": "0.000474433268885000000000000000", "parameter": 8, "measurement": 20}}, {"pk": 197, "model": "stoqs.measuredparameter", "fields": {"datavalue": "25.244850958700000000000000000000", "parameter": 1, "measurement": 20}}, {"pk": 198, "model": "stoqs.measuredparameter", "fields": {"datavalue": "14187353320.400000000000000000000000000000", "parameter": 10, "measurement": 20}}, {"pk": 199, "model": "stoqs.measuredparameter", "fields": {"datavalue": "0.004829231082330000000000000000", "parameter": 7, "measurement": 20}}, {"pk": 200, "model": "stoqs.measuredparameter", "fields": {"datavalue": "1.633521188100000000000000000000", "parameter": 2, "measurement": 20}}, {"pk": 201, "model": "stoqs.measuredparameter", "fields": {"datavalue": "0.004802555393100000000000000000", "parameter": 6, "measurement": 21}}, {"pk": 202, "model": "stoqs.measuredparameter", "fields": {"datavalue": "13.499029623800000000000000000000", "parameter": 3, "measurement": 21}}, {"pk": 203, "model": "stoqs.measuredparameter", "fields": {"datavalue": "4.842020234540000000000000000000", "parameter": 4, "measurement": 21}}, {"pk": 204, "model": "stoqs.measuredparameter", "fields": {"datavalue": "33.507517226100000000000000000000", "parameter": 9, "measurement": 21}}, {"pk": 205, "model": "stoqs.measuredparameter", "fields": {"datavalue": "9.230000000000000000000000000000", "parameter": 5, "measurement": 21}}, {"pk": 206, "model": "stoqs.measuredparameter", "fields": {"datavalue": "0.000711812578472000000000000000", "parameter": 8, "measurement": 21}}, {"pk": 207, "model": "stoqs.measuredparameter", "fields": {"datavalue": "25.150011162300000000000000000000", "parameter": 1, "measurement": 21}}, {"pk": 208, "model": "stoqs.measuredparameter", "fields": {"datavalue": "23129371713.900000000000000000000000000000", "parameter": 10, "measurement": 21}}, {"pk": 209, "model": "stoqs.measuredparameter", "fields": {"datavalue": "0.003806687425490000000000000000", "parameter": 7, "measurement": 21}}, {"pk": 210, "model": "stoqs.measuredparameter", "fields": {"datavalue": "2.450841888940000000000000000000", "parameter": 2, "measurement": 21}}, {"pk": 211, "model": "stoqs.measuredparameter", "fields": {"datavalue": "0.030930781392400000000000000000", "parameter": 6, "measurement": 22}}, {"pk": 212, "model": "stoqs.measuredparameter", "fields": {"datavalue": "13.364839228100000000000000000000", "parameter": 3, "measurement": 22}}, {"pk": 213, "model": "stoqs.measuredparameter", "fields": {"datavalue": "3.611769649910000000000000000000", "parameter": 4, "measurement": 22}}, {"pk": 214, "model": "stoqs.measuredparameter", "fields": {"datavalue": "33.491393609900000000000000000000", "parameter": 9, "measurement": 22}}, {"pk": 215, "model": "stoqs.measuredparameter", "fields": {"datavalue": "7.080000000000000000000000000000", "parameter": 5, "measurement": 22}}, {"pk": 216, "model": "stoqs.measuredparameter", "fields": {"datavalue": "0.000499672484130000000000000000", "parameter": 8, "measurement": 22}}, {"pk": 217, "model": "stoqs.measuredparameter", "fields": {"datavalue": "25.228641788900000000000000000000", "parameter": 1, "measurement": 22}}, {"pk": 218, "model": "stoqs.measuredparameter", "fields": {"datavalue": "2224705386.240000000000000000000000000000", "parameter": 10, "measurement": 22}}, {"pk": 219, "model": "stoqs.measuredparameter", "fields": {"datavalue": "0.023301703476900000000000000000", "parameter": 7, "measurement": 22}}, {"pk": 220, "model": "stoqs.measuredparameter", "fields": {"datavalue": "1.720422330110000000000000000000", "parameter": 2, "measurement": 22}}, {"pk": 221, "model": "stoqs.measuredparameter", "fields": {"datavalue": "0.019971823644300000000000000000", "parameter": 6, "measurement": 23}}, {"pk": 222, "model": "stoqs.measuredparameter", "fields": {"datavalue": "13.285068947700000000000000000000", "parameter": 3, "measurement": 23}}, {"pk": 223, "model": "stoqs.measuredparameter", "fields": {"datavalue": "2.871067112790000000000000000000", "parameter": 4, "measurement": 23}}, {"pk": 224, "model": "stoqs.measuredparameter", "fields": {"datavalue": "33.469797949100000000000000000000", "parameter": 9, "measurement": 23}}, {"pk": 225, "model": "stoqs.measuredparameter", "fields": {"datavalue": "29.530000000000000000000000000000", "parameter": 5, "measurement": 23}}, {"pk": 226, "model": "stoqs.measuredparameter", "fields": {"datavalue": "0.000355279417360000000000000000", "parameter": 8, "measurement": 23}}, {"pk": 227, "model": "stoqs.measuredparameter", "fields": {"datavalue": "25.224654324500000000000000000000", "parameter": 1, "measurement": 23}}, {"pk": 228, "model": "stoqs.measuredparameter", "fields": {"datavalue": "7455214172.950000000000000000000000000000", "parameter": 10, "measurement": 23}}, {"pk": 229, "model": "stoqs.measuredparameter", "fields": {"datavalue": "0.013974503832200000000000000000", "parameter": 7, "measurement": 23}}, {"pk": 230, "model": "stoqs.measuredparameter", "fields": {"datavalue": "1.223262561910000000000000000000", "parameter": 2, "measurement": 23}}, {"pk": 231, "model": "stoqs.measuredparameter", "fields": {"datavalue": "0.004194274627730000000000000000", "parameter": 6, "measurement": 24}}, {"pk": 232, "model": "stoqs.measuredparameter", "fields": {"datavalue": "13.477110578700000000000000000000", "parameter": 3, "measurement": 24}}, {"pk": 233, "model": "stoqs.measuredparameter", "fields": {"datavalue": "3.494963071480000000000000000000", "parameter": 4, "measurement": 24}}, {"pk": 234, "model": "stoqs.measuredparameter", "fields": {"datavalue": "33.473073400200000000000000000000", "parameter": 9, "measurement": 24}}, {"pk": 235, "model": "stoqs.measuredparameter", "fields": {"datavalue": "25.350000000000000000000000000000", "parameter": 5, "measurement": 24}}, {"pk": 236, "model": "stoqs.measuredparameter", "fields": {"datavalue": "0.000681173410828000000000000000", "parameter": 8, "measurement": 24}}, {"pk": 237, "model": "stoqs.measuredparameter", "fields": {"datavalue": "25.157279695500000000000000000000", "parameter": 1, "measurement": 24}}, {"pk": 238, "model": "stoqs.measuredparameter", "fields": {"datavalue": "21406578944.800000000000000000000000000000", "parameter": 10, "measurement": 24}}, {"pk": 239, "model": "stoqs.measuredparameter", "fields": {"datavalue": "0.003451714846140000000000000000", "parameter": 7, "measurement": 24}}, {"pk": 240, "model": "stoqs.measuredparameter", "fields": {"datavalue": "2.345348170820000000000000000000", "parameter": 2, "measurement": 24}}, {"pk": 241, "model": "stoqs.measuredparameter", "fields": {"datavalue": "0.006237208462110000000000000000", "parameter": 6, "measurement": 25}}, {"pk": 242, "model": "stoqs.measuredparameter", "fields": {"datavalue": "13.384196914400000000000000000000", "parameter": 3, "measurement": 25}}, {"pk": 243, "model": "stoqs.measuredparameter", "fields": {"datavalue": "3.371248229670000000000000000000", "parameter": 4, "measurement": 25}}, {"pk": 244, "model": "stoqs.measuredparameter", "fields": {"datavalue": "33.616839427100000000000000000000", "parameter": 9, "measurement": 25}}, {"pk": 245, "model": "stoqs.measuredparameter", "fields": {"datavalue": "8.910000000000000000000000000000", "parameter": 5, "measurement": 25}}, {"pk": 246, "model": "stoqs.measuredparameter", "fields": {"datavalue": "0.001305961466710000000000000000", "parameter": 8, "measurement": 25}}, {"pk": 247, "model": "stoqs.measuredparameter", "fields": {"datavalue": "25.293975078900000000000000000000", "parameter": 1, "measurement": 25}}, {"pk": 248, "model": "stoqs.measuredparameter", "fields": {"datavalue": "114089254680.000000000000000000000000000000", "parameter": 10, "measurement": 25}}, {"pk": 249, "model": "stoqs.measuredparameter", "fields": {"datavalue": "0.006754479293540000000000000000", "parameter": 7, "measurement": 25}}, {"pk": 250, "model": "stoqs.measuredparameter", "fields": {"datavalue": "4.496555926040000000000000000000", "parameter": 2, "measurement": 25}}, {"pk": 251, "model": "stoqs.measuredparameter", "fields": {"datavalue": "0.006452915792670000000000000000", "parameter": 6, "measurement": 26}}, {"pk": 252, "model": "stoqs.measuredparameter", "fields": {"datavalue": "13.346331681000000000000000000000", "parameter": 3, "measurement": 26}}, {"pk": 253, "model": "stoqs.measuredparameter", "fields": {"datavalue": "3.569431504040000000000000000000", "parameter": 4, "measurement": 26}}, {"pk": 254, "model": "stoqs.measuredparameter", "fields": {"datavalue": "33.495316115600000000000000000000", "parameter": 9, "measurement": 26}}, {"pk": 255, "model": "stoqs.measuredparameter", "fields": {"datavalue": "9.040000000000000000000000000000", "parameter": 5, "measurement": 26}}, {"pk": 256, "model": "stoqs.measuredparameter", "fields": {"datavalue": "0.000378615880920000000000000000", "parameter": 8, "measurement": 26}}, {"pk": 257, "model": "stoqs.measuredparameter", "fields": {"datavalue": "25.245966714200000000000000000000", "parameter": 1, "measurement": 26}}, {"pk": 258, "model": "stoqs.measuredparameter", "fields": {"datavalue": "14638739842.900000000000000000000000000000", "parameter": 10, "measurement": 26}}, {"pk": 259, "model": "stoqs.measuredparameter", "fields": {"datavalue": "0.004681286488040000000000000000", "parameter": 7, "measurement": 26}}, {"pk": 260, "model": "stoqs.measuredparameter", "fields": {"datavalue": "1.303612339600000000000000000000", "parameter": 2, "measurement": 26}}, {"pk": 261, "model": "stoqs.measuredparameter", "fields": {"datavalue": "0.011413882931000000000000000000", "parameter": 6, "measurement": 27}}, {"pk": 262, "model": "stoqs.measuredparameter", "fields": {"datavalue": "12.888438201000000000000000000000", "parameter": 3, "measurement": 27}}, {"pk": 263, "model": "stoqs.measuredparameter", "fields": {"datavalue": "3.071495763420000000000000000000", "parameter": 4, "measurement": 27}}, {"pk": 264, "model": "stoqs.measuredparameter", "fields": {"datavalue": "33.806221236400000000000000000000", "parameter": 9, "measurement": 27}}, {"pk": 265, "model": "stoqs.measuredparameter", "fields": {"datavalue": "15.300000000000000000000000000000", "parameter": 5, "measurement": 27}}, {"pk": 266, "model": "stoqs.measuredparameter", "fields": {"datavalue": "0.000189185192984000000000000000", "parameter": 8, "measurement": 27}}, {"pk": 267, "model": "stoqs.measuredparameter", "fields": {"datavalue": "25.590262222500000000000000000000", "parameter": 1, "measurement": 27}}, {"pk": 268, "model": "stoqs.measuredparameter", "fields": {"datavalue": "2484373396.550000000000000000000000000000", "parameter": 10, "measurement": 27}}, {"pk": 269, "model": "stoqs.measuredparameter", "fields": {"datavalue": "0.008560032124200000000000000000", "parameter": 7, "measurement": 27}}, {"pk": 270, "model": "stoqs.measuredparameter", "fields": {"datavalue": "0.651383537964000000000000000000", "parameter": 2, "measurement": 27}}, {"pk": 271, "model": "stoqs.measuredparameter", "fields": {"datavalue": "0.002716235634180000000000000000", "parameter": 6, "measurement": 28}}, {"pk": 272, "model": "stoqs.measuredparameter", "fields": {"datavalue": "12.822534440600000000000000000000", "parameter": 3, "measurement": 28}}, {"pk": 273, "model": "stoqs.measuredparameter", "fields": {"datavalue": "5.050951852970000000000000000000", "parameter": 4, "measurement": 28}}, {"pk": 274, "model": "stoqs.measuredparameter", "fields": {"datavalue": "33.579284966700000000000000000000", "parameter": 9, "measurement": 28}}, {"pk": 275, "model": "stoqs.measuredparameter", "fields": {"datavalue": "10.790000000000000000000000000000", "parameter": 5, "measurement": 28}}, {"pk": 276, "model": "stoqs.measuredparameter", "fields": {"datavalue": "0.000297159462673000000000000000", "parameter": 8, "measurement": 28}}, {"pk": 277, "model": "stoqs.measuredparameter", "fields": {"datavalue": "25.420991284500000000000000000000", "parameter": 1, "measurement": 28}}, {"pk": 278, "model": "stoqs.measuredparameter", "fields": {"datavalue": "36664649729.700000000000000000000000000000", "parameter": 10, "measurement": 28}}, {"pk": 279, "model": "stoqs.measuredparameter", "fields": {"datavalue": "0.002372078698900000000000000000", "parameter": 7, "measurement": 28}}, {"pk": 280, "model": "stoqs.measuredparameter", "fields": {"datavalue": "1.023149745930000000000000000000", "parameter": 2, "measurement": 28}}, {"pk": 281, "model": "stoqs.measuredparameter", "fields": {"datavalue": "0.005872358204550000000000000000", "parameter": 6, "measurement": 29}}, {"pk": 282, "model": "stoqs.measuredparameter", "fields": {"datavalue": "13.748269185200000000000000000000", "parameter": 3, "measurement": 29}}, {"pk": 283, "model": "stoqs.measuredparameter", "fields": {"datavalue": "6.546210260680000000000000000000", "parameter": 4, "measurement": 29}}, {"pk": 284, "model": "stoqs.measuredparameter", "fields": {"datavalue": "33.563089093900000000000000000000", "parameter": 9, "measurement": 29}}, {"pk": 285, "model": "stoqs.measuredparameter", "fields": {"datavalue": "3.770000000000000000000000000000", "parameter": 5, "measurement": 29}}, {"pk": 286, "model": "stoqs.measuredparameter", "fields": {"datavalue": "0.001078602872540000000000000000", "parameter": 8, "measurement": 29}}, {"pk": 287, "model": "stoqs.measuredparameter", "fields": {"datavalue": "25.124331437600000000000000000000", "parameter": 1, "measurement": 29}}, {"pk": 288, "model": "stoqs.measuredparameter", "fields": {"datavalue": "38882845552.700000000000000000000000000000", "parameter": 10, "measurement": 29}}, {"pk": 289, "model": "stoqs.measuredparameter", "fields": {"datavalue": "0.004995534495950000000000000000", "parameter": 7, "measurement": 29}}, {"pk": 290, "model": "stoqs.measuredparameter", "fields": {"datavalue": "3.713737550440000000000000000000", "parameter": 2, "measurement": 29}}, {"pk": 291, "model": "stoqs.measuredparameter", "fields": {"datavalue": "0.010689395869200000000000000000", "parameter": 6, "measurement": 30}}, {"pk": 292, "model": "stoqs.measuredparameter", "fields": {"datavalue": "11.388068958400000000000000000000", "parameter": 3, "measurement": 30}}, {"pk": 293, "model": "stoqs.measuredparameter", "fields": {"datavalue": "3.635415499910000000000000000000", "parameter": 4, "measurement": 30}}, {"pk": 294, "model": "stoqs.measuredparameter", "fields": {"datavalue": "33.673324253900000000000000000000", "parameter": 9, "measurement": 30}}, {"pk": 295, "model": "stoqs.measuredparameter", "fields": {"datavalue": "19.020000000000000000000000000000", "parameter": 5, "measurement": 30}}, {"pk": 296, "model": "stoqs.measuredparameter", "fields": {"datavalue": "0.000111319997500000000000000000", "parameter": 8, "measurement": 30}}, {"pk": 297, "model": "stoqs.measuredparameter", "fields": {"datavalue": "25.858604317800000000000000000000", "parameter": 1, "measurement": 30}}, {"pk": 298, "model": "stoqs.measuredparameter", "fields": {"datavalue": "8558542070.190000000000000000000000000000", "parameter": 10, "measurement": 30}}, {"pk": 299, "model": "stoqs.measuredparameter", "fields": {"datavalue": "0.007944726746910000000000000000", "parameter": 7, "measurement": 30}}, {"pk": 300, "model": "stoqs.measuredparameter", "fields": {"datavalue": "0.383285883394000000000000000000", "parameter": 2, "measurement": 30}}, {"pk": 301, "model": "stoqs.measuredparameter", "fields": {"datavalue": "13.513030597800000000000000000000", "parameter": 3, "measurement": 31}}, {"pk": 302, "model": "stoqs.measuredparameter", "fields": {"datavalue": "5.544095460320000000000000000000", "parameter": 4, "measurement": 31}}, {"pk": 303, "model": "stoqs.measuredparameter", "fields": {"datavalue": "33.544567595300000000000000000000", "parameter": 9, "measurement": 31}}, {"pk": 304, "model": "stoqs.measuredparameter", "fields": {"datavalue": "4.940000000000000000000000000000", "parameter": 5, "measurement": 31}}, {"pk": 305, "model": "stoqs.measuredparameter", "fields": {"datavalue": "0.001833187848070000000000000000", "parameter": 8, "measurement": 31}}, {"pk": 306, "model": "stoqs.measuredparameter", "fields": {"datavalue": "25.158493626800000000000000000000", "parameter": 1, "measurement": 31}}, {"pk": 307, "model": "stoqs.measuredparameter", "fields": {"datavalue": "50066518054.700000000000000000000000000000", "parameter": 10, "measurement": 31}}, {"pk": 308, "model": "stoqs.measuredparameter", "fields": {"datavalue": "6.311849079680000000000000000000", "parameter": 2, "measurement": 31}}, {"pk": 309, "model": "stoqs.measuredparameter", "fields": {"datavalue": "0.012094796654900000000000000000", "parameter": 6, "measurement": 32}}, {"pk": 310, "model": "stoqs.measuredparameter", "fields": {"datavalue": "12.429619457200000000000000000000", "parameter": 3, "measurement": 32}}, {"pk": 311, "model": "stoqs.measuredparameter", "fields": {"datavalue": "4.600078141800000000000000000000", "parameter": 4, "measurement": 32}}, {"pk": 312, "model": "stoqs.measuredparameter", "fields": {"datavalue": "33.617002936500000000000000000000", "parameter": 9, "measurement": 32}}, {"pk": 313, "model": "stoqs.measuredparameter", "fields": {"datavalue": "12.920000000000000000000000000000", "parameter": 5, "measurement": 32}}, {"pk": 314, "model": "stoqs.measuredparameter", "fields": {"datavalue": "0.000292230390352000000000000000", "parameter": 8, "measurement": 32}}, {"pk": 315, "model": "stoqs.measuredparameter", "fields": {"datavalue": "25.594462116800000000000000000000", "parameter": 1, "measurement": 32}}, {"pk": 316, "model": "stoqs.measuredparameter", "fields": {"datavalue": "21139183916.300000000000000000000000000000", "parameter": 10, "measurement": 32}}, {"pk": 317, "model": "stoqs.measuredparameter", "fields": {"datavalue": "0.008758301396420000000000000000", "parameter": 7, "measurement": 32}}, {"pk": 318, "model": "stoqs.measuredparameter", "fields": {"datavalue": "1.006178457020000000000000000000", "parameter": 2, "measurement": 32}}, {"pk": 319, "model": "stoqs.measuredparameter", "fields": {"datavalue": "0.016037086286300000000000000000", "parameter": 6, "measurement": 33}}, {"pk": 320, "model": "stoqs.measuredparameter", "fields": {"datavalue": "12.130183638300000000000000000000", "parameter": 3, "measurement": 33}}, {"pk": 321, "model": "stoqs.measuredparameter", "fields": {"datavalue": "3.947939606490000000000000000000", "parameter": 4, "measurement": 33}}, {"pk": 322, "model": "stoqs.measuredparameter", "fields": {"datavalue": "33.626316357000000000000000000000", "parameter": 9, "measurement": 33}}, {"pk": 323, "model": "stoqs.measuredparameter", "fields": {"datavalue": "15.800000000000000000000000000000", "parameter": 5, "measurement": 33}}, {"pk": 324, "model": "stoqs.measuredparameter", "fields": {"datavalue": "0.000248875352461000000000000000", "parameter": 8, "measurement": 33}}, {"pk": 325, "model": "stoqs.measuredparameter", "fields": {"datavalue": "25.650169415100000000000000000000", "parameter": 1, "measurement": 33}}, {"pk": 326, "model": "stoqs.measuredparameter", "fields": {"datavalue": "6512523060.830000000000000000000000000000", "parameter": 10, "measurement": 33}}, {"pk": 327, "model": "stoqs.measuredparameter", "fields": {"datavalue": "0.011751177060700000000000000000", "parameter": 7, "measurement": 33}}, {"pk": 328, "model": "stoqs.measuredparameter", "fields": {"datavalue": "0.856902726060000000000000000000", "parameter": 2, "measurement": 33}}, {"pk": 329, "model": "stoqs.measuredparameter", "fields": {"datavalue": "0.006111239219040000000000000000", "parameter": 6, "measurement": 34}}, {"pk": 330, "model": "stoqs.measuredparameter", "fields": {"datavalue": "12.929019846500000000000000000000", "parameter": 3, "measurement": 34}}, {"pk": 331, "model": "stoqs.measuredparameter", "fields": {"datavalue": "4.964621755970000000000000000000", "parameter": 4, "measurement": 34}}, {"pk": 332, "model": "stoqs.measuredparameter", "fields": {"datavalue": "33.581870866000000000000000000000", "parameter": 9, "measurement": 34}}, {"pk": 333, "model": "stoqs.measuredparameter", "fields": {"datavalue": "10.550000000000000000000000000000", "parameter": 5, "measurement": 34}}, {"pk": 334, "model": "stoqs.measuredparameter", "fields": {"datavalue": "0.000356326309019000000000000000", "parameter": 8, "measurement": 34}}, {"pk": 335, "model": "stoqs.measuredparameter", "fields": {"datavalue": "25.402476348900000000000000000000", "parameter": 1, "measurement": 34}}, {"pk": 336, "model": "stoqs.measuredparameter", "fields": {"datavalue": "28981966961.900000000000000000000000000000", "parameter": 10, "measurement": 34}}, {"pk": 337, "model": "stoqs.measuredparameter", "fields": {"datavalue": "0.004856327175710000000000000000", "parameter": 7, "measurement": 34}}, {"pk": 338, "model": "stoqs.measuredparameter", "fields": {"datavalue": "1.226867114580000000000000000000", "parameter": 2, "measurement": 34}}, {"pk": 339, "model": "stoqs.measuredparameter", "fields": {"datavalue": "0.004052079710560000000000000000", "parameter": 6, "measurement": 35}}, {"pk": 340, "model": "stoqs.measuredparameter", "fields": {"datavalue": "13.422801593100000000000000000000", "parameter": 3, "measurement": 35}}, {"pk": 341, "model": "stoqs.measuredparameter", "fields": {"datavalue": "5.489452071310000000000000000000", "parameter": 4, "measurement": 35}}, {"pk": 342, "model": "stoqs.measuredparameter", "fields": {"datavalue": "33.531188685900000000000000000000", "parameter": 9, "measurement": 35}}, {"pk": 343, "model": "stoqs.measuredparameter", "fields": {"datavalue": "8.130000000000000000000000000000", "parameter": 5, "measurement": 35}}, {"pk": 344, "model": "stoqs.measuredparameter", "fields": {"datavalue": "0.000616253851768000000000000000", "parameter": 8, "measurement": 35}}, {"pk": 345, "model": "stoqs.measuredparameter", "fields": {"datavalue": "25.203428902400000000000000000000", "parameter": 1, "measurement": 35}}, {"pk": 346, "model": "stoqs.measuredparameter", "fields": {"datavalue": "44986420360.900000000000000000000000000000", "parameter": 10, "measurement": 35}}, {"pk": 347, "model": "stoqs.measuredparameter", "fields": {"datavalue": "0.003513127734260000000000000000", "parameter": 7, "measurement": 35}}, {"pk": 348, "model": "stoqs.measuredparameter", "fields": {"datavalue": "2.121823637020000000000000000000", "parameter": 2, "measurement": 35}}, {"pk": 349, "model": "stoqs.measuredparameter", "fields": {"datavalue": "0.036892609922500000000000000000", "parameter": 6, "measurement": 36}}, {"pk": 350, "model": "stoqs.measuredparameter", "fields": {"datavalue": "12.921392213500000000000000000000", "parameter": 3, "measurement": 36}}, {"pk": 351, "model": "stoqs.measuredparameter", "fields": {"datavalue": "4.580698958000000000000000000000", "parameter": 4, "measurement": 36}}, {"pk": 352, "model": "stoqs.measuredparameter", "fields": {"datavalue": "33.586445855700000000000000000000", "parameter": 9, "measurement": 36}}, {"pk": 353, "model": "stoqs.measuredparameter", "fields": {"datavalue": "10.900000000000000000000000000000", "parameter": 5, "measurement": 36}}, {"pk": 354, "model": "stoqs.measuredparameter", "fields": {"datavalue": "0.000412934523927000000000000000", "parameter": 8, "measurement": 36}}, {"pk": 355, "model": "stoqs.measuredparameter", "fields": {"datavalue": "25.412480457400000000000000000000", "parameter": 1, "measurement": 36}}, {"pk": 356, "model": "stoqs.measuredparameter", "fields": {"datavalue": "1726750897.800000000000000000000000000000", "parameter": 10, "measurement": 36}}, {"pk": 357, "model": "stoqs.measuredparameter", "fields": {"datavalue": "0.030936648345600000000000000000", "parameter": 7, "measurement": 36}}, {"pk": 358, "model": "stoqs.measuredparameter", "fields": {"datavalue": "1.421774859330000000000000000000", "parameter": 2, "measurement": 36}}, {"pk": 359, "model": "stoqs.measuredparameter", "fields": {"datavalue": "0.008153319403890000000000000000", "parameter": 6, "measurement": 37}}, {"pk": 360, "model": "stoqs.measuredparameter", "fields": {"datavalue": "13.688598669000000000000000000000", "parameter": 3, "measurement": 37}}, {"pk": 361, "model": "stoqs.measuredparameter", "fields": {"datavalue": "6.308114698800000000000000000000", "parameter": 4, "measurement": 37}}, {"pk": 362, "model": "stoqs.measuredparameter", "fields": {"datavalue": "33.530328357300000000000000000000", "parameter": 9, "measurement": 37}}, {"pk": 363, "model": "stoqs.measuredparameter", "fields": {"datavalue": "4.520000000000000000000000000000", "parameter": 5, "measurement": 37}}, {"pk": 364, "model": "stoqs.measuredparameter", "fields": {"datavalue": "0.001331045598550000000000000000", "parameter": 8, "measurement": 37}}, {"pk": 365, "model": "stoqs.measuredparameter", "fields": {"datavalue": "25.142934217200000000000000000000", "parameter": 1, "measurement": 37}}, {"pk": 366, "model": "stoqs.measuredparameter", "fields": {"datavalue": "76006413025.000000000000000000000000000000", "parameter": 10, "measurement": 37}}, {"pk": 367, "model": "stoqs.measuredparameter", "fields": {"datavalue": "0.008075258932920000000000000000", "parameter": 7, "measurement": 37}}, {"pk": 368, "model": "stoqs.measuredparameter", "fields": {"datavalue": "4.582923100360000000000000000000", "parameter": 2, "measurement": 37}}, {"pk": 369, "model": "stoqs.measuredparameter", "fields": {"datavalue": "0.018786711769000000000000000000", "parameter": 6, "measurement": 38}}, {"pk": 370, "model": "stoqs.measuredparameter", "fields": {"datavalue": "13.084625790800000000000000000000", "parameter": 3, "measurement": 38}}, {"pk": 371, "model": "stoqs.measuredparameter", "fields": {"datavalue": "4.587597598320000000000000000000", "parameter": 4, "measurement": 38}}, {"pk": 372, "model": "stoqs.measuredparameter", "fields": {"datavalue": "33.581315524500000000000000000000", "parameter": 9, "measurement": 38}}, {"pk": 373, "model": "stoqs.measuredparameter", "fields": {"datavalue": "10.230000000000000000000000000000", "parameter": 5, "measurement": 38}}, {"pk": 374, "model": "stoqs.measuredparameter", "fields": {"datavalue": "0.000329627511865000000000000000", "parameter": 8, "measurement": 38}}, {"pk": 375, "model": "stoqs.measuredparameter", "fields": {"datavalue": "25.358775129000000000000000000000", "parameter": 1, "measurement": 38}}, {"pk": 376, "model": "stoqs.measuredparameter", "fields": {"datavalue": "2281322593.760000000000000000000000000000", "parameter": 10, "measurement": 38}}, {"pk": 377, "model": "stoqs.measuredparameter", "fields": {"datavalue": "0.014687723746200000000000000000", "parameter": 7, "measurement": 38}}, {"pk": 378, "model": "stoqs.measuredparameter", "fields": {"datavalue": "1.134940486100000000000000000000", "parameter": 2, "measurement": 38}}, {"pk": 379, "model": "stoqs.measuredparameter", "fields": {"datavalue": "0.004245765707080000000000000000", "parameter": 6, "measurement": 39}}, {"pk": 380, "model": "stoqs.measuredparameter", "fields": {"datavalue": "13.254041206600000000000000000000", "parameter": 3, "measurement": 39}}, {"pk": 381, "model": "stoqs.measuredparameter", "fields": {"datavalue": "5.294860752150000000000000000000", "parameter": 4, "measurement": 39}}, {"pk": 382, "model": "stoqs.measuredparameter", "fields": {"datavalue": "33.551095410300000000000000000000", "parameter": 9, "measurement": 39}}, {"pk": 383, "model": "stoqs.measuredparameter", "fields": {"datavalue": "9.170000000000000000000000000000", "parameter": 5, "measurement": 39}}, {"pk": 384, "model": "stoqs.measuredparameter", "fields": {"datavalue": "0.000092907701829000000000000000", "parameter": 8, "measurement": 39}}, {"pk": 385, "model": "stoqs.measuredparameter", "fields": {"datavalue": "25.288062384400000000000000000000", "parameter": 1, "measurement": 39}}, {"pk": 386, "model": "stoqs.measuredparameter", "fields": {"datavalue": "40704530946.900000000000000000000000000000", "parameter": 10, "measurement": 39}}, {"pk": 387, "model": "stoqs.measuredparameter", "fields": {"datavalue": "0.003512836009740000000000000000", "parameter": 7, "measurement": 39}}, {"pk": 388, "model": "stoqs.measuredparameter", "fields": {"datavalue": "0.319890508167000000000000000000", "parameter": 2, "measurement": 39}}, {"pk": 389, "model": "stoqs.measuredparameter", "fields": {"datavalue": "0.006126727416790000000000000000", "parameter": 6, "measurement": 40}}, {"pk": 390, "model": "stoqs.measuredparameter", "fields": {"datavalue": "13.309764487100000000000000000000", "parameter": 3, "measurement": 40}}, {"pk": 391, "model": "stoqs.measuredparameter", "fields": {"datavalue": "5.204815258790000000000000000000", "parameter": 4, "measurement": 40}}, {"pk": 392, "model": "stoqs.measuredparameter", "fields": {"datavalue": "33.560553821100000000000000000000", "parameter": 9, "measurement": 40}}, {"pk": 393, "model": "stoqs.measuredparameter", "fields": {"datavalue": "8.260000000000000000000000000000", "parameter": 5, "measurement": 40}}, {"pk": 394, "model": "stoqs.measuredparameter", "fields": {"datavalue": "0.000611669175529000000000000000", "parameter": 8, "measurement": 40}}, {"pk": 395, "model": "stoqs.measuredparameter", "fields": {"datavalue": "25.343879962900000000000000000000", "parameter": 1, "measurement": 40}}, {"pk": 396, "model": "stoqs.measuredparameter", "fields": {"datavalue": "32943704653.400000000000000000000000000000", "parameter": 10, "measurement": 40}}, {"pk": 397, "model": "stoqs.measuredparameter", "fields": {"datavalue": "0.004779037042280000000000000000", "parameter": 7, "measurement": 40}}, {"pk": 398, "model": "stoqs.measuredparameter", "fields": {"datavalue": "2.106038138260000000000000000000", "parameter": 2, "measurement": 40}}, {"pk": 399, "model": "stoqs.measuredparameter", "fields": {"datavalue": "0.009906125632330000000000000000", "parameter": 6, "measurement": 41}}, {"pk": 400, "model": "stoqs.measuredparameter", "fields": {"datavalue": "13.130725633500000000000000000000", "parameter": 3, "measurement": 41}}, {"pk": 401, "model": "stoqs.measuredparameter", "fields": {"datavalue": "5.371375861660000000000000000000", "parameter": 4, "measurement": 41}}, {"pk": 402, "model": "stoqs.measuredparameter", "fields": {"datavalue": "33.584283717200000000000000000000", "parameter": 9, "measurement": 41}}, {"pk": 403, "model": "stoqs.measuredparameter", "fields": {"datavalue": "8.770000000000000000000000000000", "parameter": 5, "measurement": 41}}, {"pk": 404, "model": "stoqs.measuredparameter", "fields": {"datavalue": "0.000457687061404000000000000000", "parameter": 8, "measurement": 41}}, {"pk": 405, "model": "stoqs.measuredparameter", "fields": {"datavalue": "25.399820252000000000000000000000", "parameter": 1, "measurement": 41}}, {"pk": 406, "model": "stoqs.measuredparameter", "fields": {"datavalue": "22474157281.000000000000000000000000000000", "parameter": 10, "measurement": 41}}, {"pk": 407, "model": "stoqs.measuredparameter", "fields": {"datavalue": "0.007374791043500000000000000000", "parameter": 7, "measurement": 41}}, {"pk": 408, "model": "stoqs.measuredparameter", "fields": {"datavalue": "1.575862321120000000000000000000", "parameter": 2, "measurement": 41}}, {"pk": 409, "model": "stoqs.measuredparameter", "fields": {"datavalue": "0.005417004502930000000000000000", "parameter": 6, "measurement": 42}}, {"pk": 410, "model": "stoqs.measuredparameter", "fields": {"datavalue": "12.687397267300000000000000000000", "parameter": 3, "measurement": 42}}, {"pk": 411, "model": "stoqs.measuredparameter", "fields": {"datavalue": "4.752111364210000000000000000000", "parameter": 4, "measurement": 42}}, {"pk": 412, "model": "stoqs.measuredparameter", "fields": {"datavalue": "33.594246621400000000000000000000", "parameter": 9, "measurement": 42}}, {"pk": 413, "model": "stoqs.measuredparameter", "fields": {"datavalue": "11.280000000000000000000000000000", "parameter": 5, "measurement": 42}}, {"pk": 414, "model": "stoqs.measuredparameter", "fields": {"datavalue": "0.000369949848253000000000000000", "parameter": 8, "measurement": 42}}, {"pk": 415, "model": "stoqs.measuredparameter", "fields": {"datavalue": "25.474374733500000000000000000000", "parameter": 1, "measurement": 42}}, {"pk": 416, "model": "stoqs.measuredparameter", "fields": {"datavalue": "23945017788.300000000000000000000000000000", "parameter": 10, "measurement": 42}}, {"pk": 417, "model": "stoqs.measuredparameter", "fields": {"datavalue": "0.003984641994070000000000000000", "parameter": 7, "measurement": 42}}, {"pk": 418, "model": "stoqs.measuredparameter", "fields": {"datavalue": "1.273774322520000000000000000000", "parameter": 2, "measurement": 42}}, {"pk": 419, "model": "stoqs.measuredparameter", "fields": {"datavalue": "0.002184453062350000000000000000", "parameter": 6, "measurement": 43}}, {"pk": 420, "model": "stoqs.measuredparameter", "fields": {"datavalue": "13.530430883800000000000000000000", "parameter": 3, "measurement": 43}}, {"pk": 421, "model": "stoqs.measuredparameter", "fields": {"datavalue": "3.267459502010000000000000000000", "parameter": 4, "measurement": 43}}, {"pk": 422, "model": "stoqs.measuredparameter", "fields": {"datavalue": "33.469767634500000000000000000000", "parameter": 9, "measurement": 43}}, {"pk": 423, "model": "stoqs.measuredparameter", "fields": {"datavalue": "7.500000000000000000000000000000", "parameter": 5, "measurement": 43}}, {"pk": 424, "model": "stoqs.measuredparameter", "fields": {"datavalue": "0.000375703801299000000000000000", "parameter": 8, "measurement": 43}}, {"pk": 425, "model": "stoqs.measuredparameter", "fields": {"datavalue": "25.152682956800000000000000000000", "parameter": 1, "measurement": 43}}, {"pk": 426, "model": "stoqs.measuredparameter", "fields": {"datavalue": "22157829527.600000000000000000000000000000", "parameter": 10, "measurement": 43}}, {"pk": 427, "model": "stoqs.measuredparameter", "fields": {"datavalue": "0.002031924415560000000000000000", "parameter": 7, "measurement": 43}}, {"pk": 428, "model": "stoqs.measuredparameter", "fields": {"datavalue": "1.293585758250000000000000000000", "parameter": 2, "measurement": 43}}, {"pk": 429, "model": "stoqs.measuredparameter", "fields": {"datavalue": "0.002783162924410000000000000000", "parameter": 6, "measurement": 44}}, {"pk": 430, "model": "stoqs.measuredparameter", "fields": {"datavalue": "13.263456858900000000000000000000", "parameter": 3, "measurement": 44}}, {"pk": 431, "model": "stoqs.measuredparameter", "fields": {"datavalue": "5.637245506320000000000000000000", "parameter": 4, "measurement": 44}}, {"pk": 432, "model": "stoqs.measuredparameter", "fields": {"datavalue": "33.558468765600000000000000000000", "parameter": 9, "measurement": 44}}, {"pk": 433, "model": "stoqs.measuredparameter", "fields": {"datavalue": "7.530000000000000000000000000000", "parameter": 5, "measurement": 44}}, {"pk": 434, "model": "stoqs.measuredparameter", "fields": {"datavalue": "0.000493251961623000000000000000", "parameter": 8, "measurement": 44}}, {"pk": 435, "model": "stoqs.measuredparameter", "fields": {"datavalue": "25.298327117900000000000000000000", "parameter": 1, "measurement": 44}}, {"pk": 436, "model": "stoqs.measuredparameter", "fields": {"datavalue": "27516580552.800000000000000000000000000000", "parameter": 10, "measurement": 44}}, {"pk": 437, "model": "stoqs.measuredparameter", "fields": {"datavalue": "0.002719967623350000000000000000", "parameter": 7, "measurement": 44}}, {"pk": 438, "model": "stoqs.measuredparameter", "fields": {"datavalue": "1.698315829060000000000000000000", "parameter": 2, "measurement": 44}}, {"pk": 439, "model": "stoqs.measuredparameter", "fields": {"datavalue": "0.004716982462900000000000000000", "parameter": 6, "measurement": 45}}, {"pk": 440, "model": "stoqs.measuredparameter", "fields": {"datavalue": "13.435291518400000000000000000000", "parameter": 3, "measurement": 45}}, {"pk": 441, "model": "stoqs.measuredparameter", "fields": {"datavalue": "5.916147410800000000000000000000", "parameter": 4, "measurement": 45}}, {"pk": 442, "model": "stoqs.measuredparameter", "fields": {"datavalue": "33.546988104300000000000000000000", "parameter": 9, "measurement": 45}}, {"pk": 443, "model": "stoqs.measuredparameter", "fields": {"datavalue": "6.450000000000000000000000000000", "parameter": 5, "measurement": 45}}, {"pk": 444, "model": "stoqs.measuredparameter", "fields": {"datavalue": "0.000688141381487000000000000000", "parameter": 8, "measurement": 45}}, {"pk": 445, "model": "stoqs.measuredparameter", "fields": {"datavalue": "25.254314151000000000000000000000", "parameter": 1, "measurement": 45}}, {"pk": 446, "model": "stoqs.measuredparameter", "fields": {"datavalue": "37267410687.700000000000000000000000000000", "parameter": 10, "measurement": 45}}, {"pk": 447, "model": "stoqs.measuredparameter", "fields": {"datavalue": "0.004333317059510000000000000000", "parameter": 7, "measurement": 45}}, {"pk": 448, "model": "stoqs.measuredparameter", "fields": {"datavalue": "2.369339590600000000000000000000", "parameter": 2, "measurement": 45}}, {"pk": 449, "model": "stoqs.measuredparameter", "fields": {"datavalue": "0.005604333825480000000000000000", "parameter": 6, "measurement": 46}}, {"pk": 450, "model": "stoqs.measuredparameter", "fields": {"datavalue": "13.001226682100000000000000000000", "parameter": 3, "measurement": 46}}, {"pk": 451, "model": "stoqs.measuredparameter", "fields": {"datavalue": "5.210593434130000000000000000000", "parameter": 4, "measurement": 46}}, {"pk": 452, "model": "stoqs.measuredparameter", "fields": {"datavalue": "33.581416726900000000000000000000", "parameter": 9, "measurement": 46}}, {"pk": 453, "model": "stoqs.measuredparameter", "fields": {"datavalue": "9.080000000000000000000000000000", "parameter": 5, "measurement": 46}}, {"pk": 454, "model": "stoqs.measuredparameter", "fields": {"datavalue": "0.000450666178781000000000000000", "parameter": 8, "measurement": 46}}, {"pk": 455, "model": "stoqs.measuredparameter", "fields": {"datavalue": "25.419967271800000000000000000000", "parameter": 1, "measurement": 46}}, {"pk": 456, "model": "stoqs.measuredparameter", "fields": {"datavalue": "19285864017.800000000000000000000000000000", "parameter": 10, "measurement": 46}}, {"pk": 457, "model": "stoqs.measuredparameter", "fields": {"datavalue": "0.004450541136800000000000000000", "parameter": 7, "measurement": 46}}, {"pk": 458, "model": "stoqs.measuredparameter", "fields": {"datavalue": "1.551688720160000000000000000000", "parameter": 2, "measurement": 46}}, {"pk": 459, "model": "stoqs.measuredparameter", "fields": {"datavalue": "0.006315259584680000000000000000", "parameter": 6, "measurement": 47}}, {"pk": 460, "model": "stoqs.measuredparameter", "fields": {"datavalue": "13.496170088600000000000000000000", "parameter": 3, "measurement": 47}}, {"pk": 461, "model": "stoqs.measuredparameter", "fields": {"datavalue": "4.692826833530000000000000000000", "parameter": 4, "measurement": 47}}, {"pk": 462, "model": "stoqs.measuredparameter", "fields": {"datavalue": "33.554601009900000000000000000000", "parameter": 9, "measurement": 47}}, {"pk": 463, "model": "stoqs.measuredparameter", "fields": {"datavalue": "4.710000000000000000000000000000", "parameter": 5, "measurement": 47}}, {"pk": 464, "model": "stoqs.measuredparameter", "fields": {"datavalue": "0.001229657681650000000000000000", "parameter": 8, "measurement": 47}}, {"pk": 465, "model": "stoqs.measuredparameter", "fields": {"datavalue": "25.187342030200000000000000000000", "parameter": 1, "measurement": 47}}, {"pk": 466, "model": "stoqs.measuredparameter", "fields": {"datavalue": "20791891383.900000000000000000000000000000", "parameter": 10, "measurement": 47}}, {"pk": 467, "model": "stoqs.measuredparameter", "fields": {"datavalue": "0.006139478313460000000000000000", "parameter": 7, "measurement": 47}}, {"pk": 468, "model": "stoqs.measuredparameter", "fields": {"datavalue": "4.233834363700000000000000000000", "parameter": 2, "measurement": 47}}, {"pk": 469, "model": "stoqs.measuredparameter", "fields": {"datavalue": "0.007807098675930000000000000000", "parameter": 6, "measurement": 48}}, {"pk": 470, "model": "stoqs.measuredparameter", "fields": {"datavalue": "12.034301865800000000000000000000", "parameter": 3, "measurement": 48}}, {"pk": 471, "model": "stoqs.measuredparameter", "fields": {"datavalue": "4.135888078430000000000000000000", "parameter": 4, "measurement": 48}}, {"pk": 472, "model": "stoqs.measuredparameter", "fields": {"datavalue": "33.619700422400000000000000000000", "parameter": 9, "measurement": 48}}, {"pk": 473, "model": "stoqs.measuredparameter", "fields": {"datavalue": "15.650000000000000000000000000000", "parameter": 5, "measurement": 48}}, {"pk": 474, "model": "stoqs.measuredparameter", "fields": {"datavalue": "0.000241964721434000000000000000", "parameter": 8, "measurement": 48}}, {"pk": 475, "model": "stoqs.measuredparameter", "fields": {"datavalue": "25.660172707300000000000000000000", "parameter": 1, "measurement": 48}}, {"pk": 476, "model": "stoqs.measuredparameter", "fields": {"datavalue": "679558727.104000000000000000000000000000", "parameter": 10, "measurement": 48}}, {"pk": 477, "model": "stoqs.measuredparameter", "fields": {"datavalue": "0.005495034410580000000000000000", "parameter": 7, "measurement": 48}}, {"pk": 478, "model": "stoqs.measuredparameter", "fields": {"datavalue": "0.833108732368000000000000000000", "parameter": 2, "measurement": 48}}, {"pk": 479, "model": "stoqs.measuredparameter", "fields": {"datavalue": "0.016634237858500000000000000000", "parameter": 6, "measurement": 49}}, {"pk": 480, "model": "stoqs.measuredparameter", "fields": {"datavalue": "11.163081167400000000000000000000", "parameter": 3, "measurement": 49}}, {"pk": 481, "model": "stoqs.measuredparameter", "fields": {"datavalue": "3.068152984030000000000000000000", "parameter": 4, "measurement": 49}}, {"pk": 482, "model": "stoqs.measuredparameter", "fields": {"datavalue": "33.698365246300000000000000000000", "parameter": 9, "measurement": 49}}, {"pk": 483, "model": "stoqs.measuredparameter", "fields": {"datavalue": "21.240000000000000000000000000000", "parameter": 5, "measurement": 49}}, {"pk": 484, "model": "stoqs.measuredparameter", "fields": {"datavalue": "0.000125864557424000000000000000", "parameter": 8, "measurement": 49}}, {"pk": 485, "model": "stoqs.measuredparameter", "fields": {"datavalue": "25.946422248200000000000000000000", "parameter": 1, "measurement": 49}}, {"pk": 486, "model": "stoqs.measuredparameter", "fields": {"datavalue": "727263286.879000000000000000000000000000", "parameter": 10, "measurement": 49}}, {"pk": 487, "model": "stoqs.measuredparameter", "fields": {"datavalue": "0.011959603742800000000000000000", "parameter": 7, "measurement": 49}}, {"pk": 488, "model": "stoqs.measuredparameter", "fields": {"datavalue": "0.433364257668000000000000000000", "parameter": 2, "measurement": 49}}, {"pk": 489, "model": "stoqs.measuredparameter", "fields": {"datavalue": "0.002020109996640000000000000000", "parameter": 6, "measurement": 50}}, {"pk": 490, "model": "stoqs.measuredparameter", "fields": {"datavalue": "12.786872469800000000000000000000", "parameter": 3, "measurement": 50}}, {"pk": 491, "model": "stoqs.measuredparameter", "fields": {"datavalue": "4.794897315310000000000000000000", "parameter": 4, "measurement": 50}}, {"pk": 492, "model": "stoqs.measuredparameter", "fields": {"datavalue": "33.568935177700000000000000000000", "parameter": 9, "measurement": 50}}, {"pk": 493, "model": "stoqs.measuredparameter", "fields": {"datavalue": "11.210000000000000000000000000000", "parameter": 5, "measurement": 50}}, {"pk": 494, "model": "stoqs.measuredparameter", "fields": {"datavalue": "0.000299306565715000000000000000", "parameter": 8, "measurement": 50}}, {"pk": 495, "model": "stoqs.measuredparameter", "fields": {"datavalue": "25.430172978500000000000000000000", "parameter": 1, "measurement": 50}}, {"pk": 496, "model": "stoqs.measuredparameter", "fields": {"datavalue": "999267919.845000000000000000000000000000", "parameter": 10, "measurement": 50}}, {"pk": 497, "model": "stoqs.measuredparameter", "fields": {"datavalue": "0.001747908337470000000000000000", "parameter": 7, "measurement": 50}}, {"pk": 498, "model": "stoqs.measuredparameter", "fields": {"datavalue": "1.030542436410000000000000000000", "parameter": 2, "measurement": 50}}]